Movie Name,Director,Running Time,Country,Language,IMDB Rating,Genre,Number of votes,Plot,Cast,Release Year
The Shawshank Redemption,Frank Darabont,142,USA,English,9.3,Drama,"2,161,135","Two imprisoned men bond over a number of years, finding solace and eventual redemption through acts of common decency.","Tim Robbins, Morgan Freeman, Bob Gunton, William Sadler",1994
The Godfather,Francis Ford Coppola,175,USA,English,9.2,Crime,"1,483,236",The aging patriarch of an organized crime dynasty transfers control of his clandestine empire to his reluctant son.,"Marlon Brando, Al Pacino, James Caan, Richard S. Castellano",1972
The Godfather: Part II,Francis Ford Coppola,202,USA,English,9.0,Crime,"1,032,840","The early life and career of Vito Corleone in 1920s New York City is portrayed, while his son, Michael, expands and tightens his grip on the family crime syndicate.","Al Pacino, Robert Duvall, Diane Keaton, Robert De Niro",1974
The Dark Knight,Christopher Nolan,152,USA,English,9.0,Action,"2,136,058","When the menace known as the Joker wreaks havoc and chaos on the people of Gotham, Batman must accept one of the greatest psychological and physical tests of his ability to fight injustice.","Christian Bale, Heath Ledger, Aaron Eckhart, Michael Caine",2008
12 Angry Men,Sidney Lumet,96,USA,English,8.9,Drama,"618,106",A jury holdout attempts to prevent a miscarriage of justice by forcing his colleagues to reconsider the evidence.,"Martin Balsam, John Fiedler, Lee J. Cobb, E.G. Marshall",1957
Schindler's List,Steven Spielberg,195,USA,English,8.9,Biography,"1,121,048","In German-occupied Poland during World War II, industrialist Oskar Schindler gradually becomes concerned for his Jewish workforce after witnessing their persecution by the Nazis.","Liam Neeson, Ben Kingsley, Ralph Fiennes, Caroline Goodall",1994
The Lord of the Rings: The Return of the King,Peter Jackson,201,New Zealand,English,8.9,Adventure,"1,534,570",Gandalf and Aragorn lead the World of Men against Sauron's army to draw his gaze from Frodo and Sam as they approach Mount Doom with the One Ring.,"Noel Appleby, Ali Astin, Sean Astin, David Aston",2003
Pulp Fiction,Quentin Tarantino,154,USA,English,8.9,Crime,"1,696,342","The lives of two mob hitmen, a boxer, a gangster and his wife, and a pair of diner bandits intertwine in four tales of violence and redemption.","Tim Roth, Amanda Plummer, Laura Lovelace, John Travolta",1994
"The Good, the Bad and the Ugly",Sergio Leone,178,Italy,Italian,8.8,Western,"641,326",A bounty hunting scam joins two men in an uneasy alliance against a third in a race to find a fortune in gold buried in a remote cemetery.,"Eli Wallach, Clint Eastwood, Lee Van Cleef, Aldo Giuffr√®",1967
Fight Club,David Fincher,139,USA,English,8.8,Drama,"1,726,585","An insomniac office worker and a devil-may-care soapmaker form an underground fight club that evolves into something much, much more.","Edward Norton, Brad Pitt, Meat Loaf, Zach Grenier",1999
The Lord of the Rings: The Fellowship of the Ring,Peter Jackson,178,New Zealand,English,8.8,Adventure,"1,549,833",A meek Hobbit from the Shire and eight companions set out on a journey to destroy the powerful One Ring and save Middle-earth from the Dark Lord Sauron.,"Alan Howard, Noel Appleby, Sean Astin, Sala Baker",2001
Forrest Gump,Robert Zemeckis,142,USA,English,8.8,Drama,"1,663,864","The presidencies of Kennedy and Johnson, the events of Vietnam, Watergate, and other history unfold through the perspective of an Alabama man with an IQ of 75.","Tom Hanks, Rebecca Williams, Sally Field, Michael Conner Humphreys",1994
Inception,Christopher Nolan,148,USA,English,8.8,Action,"1,894,237",A thief who steals corporate secrets through the use of dream-sharing technology is given the inverse task of planting an idea into the mind of a C.E.O.,"Leonardo DiCaprio, Joseph Gordon-Levitt, Ellen Page, Tom Hardy",2010
Star Wars: Episode V - The Empire Strikes Back,Irvin Kershner,124,USA,English,8.7,Action,"1,079,509","After the Rebels are brutally overpowered by the Empire on the ice planet Hoth, Luke Skywalker begins Jedi training with Yoda, while his friends are pursued by Darth Vader.","Mark Hamill, Harrison Ford, Carrie Fisher, Billy Dee Williams",1980
The Lord of the Rings: The Two Towers,Peter Jackson,179,New Zealand,English,8.7,Adventure,"1,388,087","While Frodo and Sam edge closer to Mordor with the help of the shifty Gollum, the divided fellowship makes a stand against Sauron's new ally, Saruman, and his hordes of Isengard.","Bruce Allpress, Sean Astin, John Bach, Sala Baker",2002
The Matrix,Lana Wachowski,136,USA,English,8.7,Action,"1,555,467",A computer hacker learns from mysterious rebels about the true nature of his reality and his role in the war against its controllers.,"Keanu Reeves, Laurence Fishburne, Carrie-Anne Moss, Hugo Weaving",1999
Joker,Todd Phillips,122,USA,English,8.8,Crime,"478,960","In Gotham City, mentally-troubled comedian Arthur Fleck is disregarded and mistreated by society. He then embarks on a downward spiral of revolution and bloody crime. This path brings him face-to-face with his alter-ego: ""The Joker"".","Joaquin Phoenix, Robert De Niro, Zazie Beetz ",2019
One Flew Over the Cuckoo's Nest,Milos Forman,133,USA,English,8.7,Drama,"853,323","A criminal pleads insanity and is admitted to a mental institution, where he rebels against the oppressive nurse and rallies up the scared patients.","Michael Berryman, Peter Brocco, Dean R. Brooks, Alonzo Brown",1975
Goodfellas,Martin Scorsese,146,USA,English,8.7,Biography,"934,442","The story of Henry Hill and his life in the mob, covering his relationship with his wife Karen Hill and his mob partners Jimmy Conway and Tommy DeVito in the Italian-American crime syndicate.","Robert De Niro, Ray Liotta, Joe Pesci, Lorraine Bracco",1990
Seven Samurai,Akira Kurosawa,207,Japan,Japanese,8.6,Action,"292,435",A poor village under attack by bandits recruits seven unemployed samurai to help them defend themselves.,"Toshir√¥ Mifune, Takashi Shimura, Keiko Tsushima, Yukiko Shimazaki",1956
Se7en,David Fincher,127,USA,English,8.6,Crime,"1,328,357","Two detectives, a rookie and a veteran, hunt a serial killer who uses the seven deadly sins as his motives.","Morgan Freeman, Andrew Kevin Walker, Kevin Spacey, Daniel Zacapa",1995
City of God,Fernando Meirelles,130,Brazil,Portuguese,8.6,Crime,"659,650","In the slums of Rio, two kids' paths diverge as one struggles to become a photographer and the other a kingpin.","Alexandre Rodrigues, Leandro Firmino, Phellipe Haagensen, Douglas Silva",2004
Life Is Beautiful,Roberto Benigni,116,Italy,Italian,8.6,Comedy,"571,205","When an open-minded Jewish librarian and his son become victims of the Holocaust, he uses a perfect mixture of will, humor, and imagination to protect his son from the dangers around their camp.","Roberto Benigni, Nicoletta Braschi, Giorgio Cantarini, Giustino Durano",1999
The Silence of the Lambs,Jonathan Demme,118,USA,English,8.6,Crime,"1,170,635","A young F.B.I. cadet must receive the help of an incarcerated and manipulative cannibal killer to help catch another serial killer, a madman who skins his victims.","Jodie Foster, Lawrence A. Bonney, Kasi Lemmons, Lawrence T. Wrentz",1991
It's a Wonderful Life,Frank Capra,130,USA,English,8.6,Drama,"366,991",An angel is sent from Heaven to help a desperately frustrated businessman by showing him what life would have been like if he had never existed.,"James Stewart, Donna Reed, Lionel Barrymore, Thomas Mitchell",1947
Star Wars: Episode IV - A New Hope,George Lucas,121,USA,English,8.6,Action,"1,148,066","Luke Skywalker joins forces with a Jedi Knight, a cocky pilot, a Wookiee and two droids to save the galaxy from the Empire's world-destroying battle station, while also attempting to rescue Princess Leia from the mysterious Darth Vader.","Mark Hamill, Harrison Ford, Carrie Fisher, Peter Cushing",1977
Saving Private Ryan,Steven Spielberg,169,USA,English,8.6,Drama,"1,144,559","Following the Normandy Landings, a group of U.S. soldiers go behind enemy lines to retrieve a paratrooper whose brothers have been killed in action.","Tom Hanks, Tom Sizemore, Edward Burns, Barry Pepper",1998
Spirited Away,Hayao Miyazaki,125,Japan,Japanese,8.6,Animation,"577,500","During her family's move to the suburbs, a sullen 10-year-old girl wanders into a world ruled by gods, witches, and spirits, and where humans are changed into beasts.","Rumi Hiiragi, Miyu Irino, Mari Natsuki, Takashi Nait√¥",2003
The Green Mile,Frank Darabont,189,USA,English,8.6,Crime,"1,051,010","The lives of guards on Death Row are affected by one of their charges: a black man accused of child murder and rape, yet who has a mysterious gift.","Tom Hanks, David Morse, Michael Clarke Duncan, Bonnie Hunt",1999
L√©on: The Professional,Luc Besson,110,USA,English,8.5,Action,"956,037","Mathilda, a 12-year-old girl, is reluctantly taken in by L√©on, a professional assassin, after her family is murdered. An unusual relationship forms as she becomes his prot√©g√©e and learns the assassin's trade.","Jean Reno, Gary Oldman, Natalie Portman, Danny Aiello",1994
Interstellar,Christopher Nolan,169,USA,English,8.6,Adventure,"1,349,389",A team of explorers travel through a wormhole in space in an attempt to ensure humanity's survival.,"Ellen Burstyn, Matthew McConaughey, Mackenzie Foy, John Lithgow",2014
Harakiri,Masaki Kobayashi,133,Japan,Japanese,8.7,Drama,"27,972","When a ronin requesting seppuku at a feudal lord's palace is told of the brutal suicide of another ronin who previously visited, he reveals how their pasts are intertwined - and in doing so challenges the clan's integrity.","Tatsuya Nakadai, Akira Ishihama, Shima Iwashita  |",1964
The Usual Suspects,Bryan Singer,106,USA,English,8.5,Crime,"929,054","A sole survivor tells of the twisty events leading up to a horrific gun battle on a boat, which began when five criminals met at a seemingly random police lineup.","Stephen Baldwin, Gabriel Byrne, Benicio Del Toro, Kevin Pollak",1995
The Lion King,Roger Allers,88,USA,English,8.5,Animation,"872,478","A Lion cub crown prince is tricked by a treacherous uncle into thinking he caused his father's death and flees into exile in despair, only to learn in adulthood his identity and his responsibilities.","Rowan Atkinson, Matthew Broderick, Niketa Calame, Jim Cummings",1994
American History X,Tony Kaye,119,USA,English,8.5,Drama,"974,478",A former neo-nazi skinhead tries to prevent his younger brother from going down the same wrong path that he did.,"Edward Norton, Edward Furlong, Beverly D'Angelo, Jennifer Lien",1998
Parasite,Bong Joon Ho,132,South Korea,Korean,8.6,Comedy,"77,962","All unemployed, Ki-taek and his family take peculiar interest in the wealthy and glamorous Parks, as they ingratiate themselves into their lives and get entangled in an unexpected incident.","Kang-ho Song, Sun-kyun Lee, Yeo-jeong Jo ",2019
Back to the Future,Robert Zemeckis,116,USA,English,8.5,Adventure,"966,217","Marty McFly, a 17-year-old high school student, is accidentally sent thirty years into the past in a time-traveling DeLorean invented by his close friend, the maverick scientist Doc Brown.","Michael J. Fox, Christopher Lloyd, Lea Thompson, Crispin Glover",1985
The Pianist,Roman Polanski,150,UK,English,8.5,Biography,"665,756",A Polish Jewish musician struggles to survive the destruction of the Warsaw ghetto of World War II.,"Adrien Brody, Emilia Fox, Michal Zebrowski, Ed Stoppard",2003
Terminator 2: Judgment Day,James Cameron,137,USA,English,8.5,Action,"935,649","A cyborg, identical to the one who failed to kill Sarah Connor, must now protect her teenage son, John Connor, from a more advanced and powerful cyborg.","Arnold Schwarzenegger, Linda Hamilton, Edward Furlong, Robert Patrick",1991
Modern Times,Charles Chaplin,87,USA,English,8.5,Comedy,"198,161",The Tramp struggles to live in modern industrial society with the help of a young homeless woman.,"Charles Chaplin, Paulette Goddard, Henry Bergman, Tiny Sandford",1936
Psycho,Alfred Hitchcock,109,USA,English,8.5,Horror,"555,675","A Phoenix secretary embezzles forty thousand dollars from her employer's client, goes on the run, and checks into a remote motel run by a young man under the domination of his mother.","Anthony Perkins, Vera Miles, John Gavin, Janet Leigh",1960
The Intouchables,Olivier Nakache,112,France,French,8.5,Biography,"698,893","After he becomes a quadriplegic from a paragliding accident, an aristocrat hires a young man from the projects to be his caregiver.","Fran√ßois Cluzet, Omar Sy, Anne Le Ny, Audrey Fleurot",2011
Gladiator,Ridley Scott,155,USA,English,8.5,Action,"1,247,567",A former Roman General sets out to exact vengeance against the corrupt emperor who murdered his family and sent him into slavery.,"Russell Crowe, Joaquin Phoenix, Connie Nielsen, Oliver Reed",2000
City Lights,Charles Chaplin,87,USA,English,8.5,Comedy,"152,850","With the aid of a wealthy erratic tippler, a dewy-eyed tramp who has fallen in love with a sightless flower girl accumulates money to be able to help her medically.","Virginia Cherrill, Florence Lee, Harry Myers, Al Ernest Garcia",1931
The Departed,Martin Scorsese,151,USA,English,8.5,Crime,"1,104,756",An undercover cop and a mole in the police attempt to identify each other while infiltrating an Irish gang in South Boston.,"Leonardo DiCaprio, Matt Damon, Jack Nicholson, Mark Wahlberg",2006
Whiplash,Damien Chazelle,106,USA,English,8.5,Drama,"642,467",A promising young drummer enrolls at a cut-throat music conservatory where his dreams of greatness are mentored by an instructor who will stop at nothing to realize a student's potential.,"Miles Teller, J.K. Simmons, Paul Reiser, Melissa Benoist",2014
Once Upon a Time in the West,Sergio Leone,165,Italy,Italian,8.5,Western,"279,463",A mysterious stranger with a harmonica joins forces with a notorious desperado to protect a beautiful widow from a ruthless assassin working for the railroad.,"Claudia Cardinale, Henry Fonda, Jason Robards, Charles Bronson",1969
The Prestige,Christopher Nolan,130,USA,English,8.5,Drama,"1,095,976","After a tragic accident, two stage magicians engage in a battle to create the ultimate illusion while sacrificing everything they have to outwit each other.","Hugh Jackman, Christian Bale, Michael Caine, Piper Perabo",2006
Casablanca,Michael Curtiz,102,USA,English,8.5,Drama,"488,055",A cynical American expatriate struggles to decide whether or not he should help his former lover and her fugitive husband escape French Morocco.,"Humphrey Bogart, Ingrid Bergman, Paul Henreid, Claude Rains",1943
Grave of the Fireflies,Isao Takahata,89,Japan,Japanese,8.5,Animation,"206,203",A young boy and his little sister struggle to survive in Japan during World War II.,"Tsutomu Tatsumi, Ayano Shiraishi, Yoshiko Shinohara, Akemi Yamaguchi",1989
Rear Window,Alfred Hitchcock,112,USA,English,8.4,Mystery,"410,774",A wheelchair-bound photographer spies on his neighbors from his apartment window and becomes convinced one of them has committed murder.,"James Stewart, Grace Kelly, Wendell Corey, Thelma Ritter",1954
Cinema Paradiso,Giuseppe Tornatore,155,Italy,Italian,8.5,Drama,"208,721",A filmmaker recalls his childhood when falling in love with the pictures at the cinema of his home village and forms a deep friendship with the cinema's projectionist.,"Antonella Attili, Enzo Cannavale, Isa Danieli, Leo Gullotta",1990
Alien,Ridley Scott,117,UK,English,8.4,Horror,"734,061","After a space merchant vessel perceives an unknown transmission as a distress call, its landing on the source moon finds one of the crew attacked by a mysterious lifeform, and they soon realize that its life cycle has merely begun.","Sigourney Weaver, Carrie Henn, Michael Biehn, Paul Reiser",1979
Raiders of the Lost Ark,Steven Spielberg,115,USA,English,8.4,Action,"831,197","In 1936, archaeologist and adventurer Indiana Jones is hired by the U.S. government to find the Ark of the Covenant before Adolf Hitler's Nazis can obtain its awesome powers.","Harrison Ford, Karen Allen, Paul Freeman, Ronald Lacey",1981
Memento,Christopher Nolan,113,USA,English,8.4,Mystery,"1,053,443",A man with short-term memory loss attempts to track down his wife's murderer.,"Guy Pearce, Carrie-Anne Moss, Joe Pantoliano, Mark Boone Junior",2001
Avengers: Endgame,Anthony Russo,181,USA,English,8.5,Action,"605,580","After the devastating events of Avengers: Infinity War (2018), the universe is in ruins. With the help of remaining allies, the Avengers assemble once more in order to reverse Thanos' actions and restore balance to the universe.","Robert Downey Jr., Chris Evans, Mark Ruffalo",2019
Apocalypse Now,Francis Ford Coppola,147,USA,English,8.4,Drama,"563,651",A U.S. Army officer serving in Vietnam is tasked with assassinating a renegade Special Forces Colonel who sees himself as a god.,"Marlon Brando, Martin Sheen, Robert Duvall, Frederic Forrest",1979
The Great Dictator,Charles Chaplin,125,USA,English,8.5,Comedy,"186,776",Dictator Adenoid Hynkel tries to expand his empire while a poor Jewish barber tries to avoid persecution from Hynkel's regime.,"Charles Chaplin, Jack Oakie, Reginald Gardiner, Henry Daniell",1941
The Lives of Others,Florian Henckel von Donnersmarck,137,Germany,German,8.4,Drama,"332,053","In 1984 East Berlin, an agent of the secret police, conducting surveillance on a writer and his lover, finds himself becoming increasingly absorbed by their lives.","Martina Gedeck, Ulrich M√ºhe, Sebastian Koch, Ulrich Tukur",2007
Django Unchained,Quentin Tarantino,165,USA,English,8.4,Drama,"1,250,190","With the help of a German bounty hunter, a freed slave sets out to rescue his wife from a brutal Mississippi plantation owner.","Jamie Foxx, Christoph Waltz, Leonardo DiCaprio, Kerry Washington",2012
Avengers: Infinity War,Anthony Russo,149,USA,English,8.5,Action,"726,260",The Avengers and their allies must be willing to sacrifice all in an attempt to defeat the powerful Thanos before his blitz of devastation and ruin puts an end to the universe.,"Robert Downey Jr., Chris Hemsworth, Mark Ruffalo",2018
The Shining,Stanley Kubrick,146,UK,English,8.4,Drama,"816,798","A family heads to an isolated hotel for the winter where a sinister presence influences the father into violence, while his psychic son sees horrific forebodings from both past and future.","Jack Nicholson, Shelley Duvall, Danny Lloyd, Scatman Crothers",1980
Paths of Glory,Stanley Kubrick,88,USA,English,8.4,Drama,"161,960","After refusing to attack an enemy position, a general accuses the soldiers of cowardice and their commanding officer must defend them.","Kirk Douglas, Ralph Meeker, Adolphe Menjou, George Macready",1957
Spider-Man: Into the Spider-Verse,Bob Persichetti,117,USA,English,8.4,Animation,"276,558","Teen Miles Morales becomes Spider-Man of his reality, crossing his path with five counterparts from other dimensions to stop a threat for all realities.","Shameik Moore, Jake Johnson, Hailee Steinfeld",2018
WALL¬∑E,Andrew Stanton,98,USA,English,8.4,Animation,"931,960","In the distant future, a small waste-collecting robot inadvertently embarks on a space journey that will ultimately decide the fate of mankind.","Ben Burtt, Elissa Knight, Jeff Garlin, Fred Willard",2008
Sunset Blvd.,Billy Wilder,110,USA,English,8.4,Drama,"184,926",A screenwriter develops a dangerous relationship with a faded film star determined to make a triumphant return.,"William Holden, Gloria Swanson, Erich von Stroheim",1950
Princess Mononoke,Hayao Miyazaki,134,Japan,Japanese,8.4,Animation,"304,382","On a journey to find the cure for a Tatarigami's curse, Ashitaka finds himself in the middle of a war between the forest gods and Tatara, a mining colony. In this quest he also meets San, the Mononoke Hime.","Billy Crudup, Billy Bob Thornton, Minnie Driver, John DiMaggio",1997
Dr. Strangelove or: How I Learned to Stop Worrying and Love the Bomb,Stanley Kubrick,95,USA,English,8.4,Comedy,"424,207",An insane general triggers a path to nuclear holocaust that a War Room full of politicians and generals frantically tries to stop.,"Peter Sellers, George C. Scott, Sterling Hayden, Keenan Wynn",1964
Oldboy,Chan-wook Park,120,South Korea,Korean,8.4,Action,"472,816","After being kidnapped and imprisoned for fifteen years, Oh Dae-Su is released, only to find that he must find his captor in five days.","Min-sik Choi, Ji-tae Yu, Hye-jeong Kang, Dae-han Ji",2003
Witness for the Prosecution,Billy Wilder,116,USA,English,8.4,Crime,"96,471",A veteran British barrister must defend his client in a murder trial that has surprise after surprise.,"Tyrone Power, Marlene Dietrich, Charles Laughton, Elsa Lanchester",1958
The Dark Knight Rises,Christopher Nolan,164,UK,English,8.4,Action,"1,422,358","Eight years after the Joker's reign of anarchy, Batman, with the help of the enigmatic Catwoman, is forced from his exile to save Gotham City from the brutal guerrilla terrorist Bane.","Christian Bale, Gary Oldman, Tom Hardy, Joseph Gordon-Levitt",2012
Once Upon a Time in America,Sergio Leone,229,USA,English,8.4,Crime,"286,118","A former Prohibition-era Jewish gangster returns to the Lower East Side of Manhattan over thirty years later, where he once again must confront the ghosts and regrets of his old life.","Robert De Niro, James Woods, Elizabeth McGovern, Joe Pesci",1984
Aliens,James Cameron,137,USA,English,8.4,Action,"614,675","Ellen Ripley is rescued by a deep salvage team after being in hypersleep for 57 years. The moon that the Nostromo visited has been colonized, but contact is lost. This time, colonial marines have impressive firepower, but will that be enough?","Sigourney Weaver, Carrie Henn, Michael Biehn, Paul Reiser",1986
American Beauty,Sam Mendes,122,USA,English,8.3,Drama,"1,009,925",A sexually frustrated suburban father has a mid-life crisis after becoming infatuated with his daughter's best friend.,"Kevin Spacey, Annette Bening, Thora Birch, Wes Bentley",1999
Your Name.,Makoto Shinkai,106,Japan,Japanese,8.4,Animation,"148,738","Two strangers find themselves linked in a bizarre way. When a connection forms, will distance be the only thing to keep them apart?","Ryûnosuke Kamiki, Mone Kamishiraishi, Ryô Narita",2017
Coco,Lee Unkrich,105,USA,English,8.4,Animation,"306,320","Aspiring musician Miguel, confronted with his family's ancestral ban on music, enters the Land of the Dead to find his great-great-grandfather, a legendary singer.","Anthony Gonzalez, Gael García Bernal, Benjamin Bratt",2017
Braveheart,Mel Gibson,178,USA,English,8.3,Biography,"909,420","When his secret bride is executed for assaulting an English soldier who tried to rape her, William Wallace begins a revolt against King Edward I of England.","James Robinson, Sean Lawlor, Sandy Nelson, James Cosmo",1995
Das Boot,Wolfgang Petersen,149,West Germany,German,8.3,Adventure,"216,090","The claustrophobic world of a WWII German U-boat; boredom, filth and sheer terror.","J√ºrgen Prochnow, Herbert Gr√∂nemeyer, Klaus Wennemann, Hubertus Bengsch",1982
3 Idiots,Rajkumar Hirani,170,India,Hindi,8.4,Comedy,"311,198","Two friends are searching for their long lost companion. They revisit their college days and recall the memories of their friend who inspired them to think differently, even as the rest of the world called them ""idiots"".","Aamir Khan, Madhavan, Sharman Joshi, Kareena Kapoor Khan",2009
Star Wars: Episode VI - Return of the Jedi,Richard Marquand,131,USA,English,8.3,Action,"883,414","After a daring mission to rescue Han Solo from Jabba the Hutt, the Rebels dispatch to Endor to destroy the second Death Star. Meanwhile, Luke struggles to help Darth Vader back from the dark side without falling into the Emperor's trap.","Mark Hamill, Harrison Ford, Carrie Fisher, Billy Dee Williams",1983
Taare Zameen Par,Aamir Khan,165,India,Hindi,8.4,Drama,"148,948","An eight-year-old boy is thought to be a lazy trouble-maker, until the new art teacher has the patience and compassion to discover the real problem behind his struggles in school.","Darsheel Safary, Aamir Khan, Tisca Chopra",2007
Toy Story,John Lasseter,81,USA,English,8.3,Animation,"823,548",A cowboy doll is profoundly threatened and jealous when a new spaceman figure supplants him as top toy in a boy's room.,"Tom Hanks, Tim Allen, Joan Cusack, Ned Beatty",1995
Reservoir Dogs,Quentin Tarantino,99,USA,English,8.3,Crime,"854,184","When a simple jewelry heist goes horribly wrong, the surviving criminals begin to suspect that one of them is a police informant.","Harvey Keitel, Tim Roth, Michael Madsen, Chris Penn",1992
Amadeus,Milos Forman,160,USA,English,8.3,Biography,"345,481","The life, success and troubles of Wolfgang Amadeus Mozart, as told by Antonio Salieri, the contemporaneous composer who was insanely jealous of Mozart's talent and claimed to have murdered him.","F. Murray Abraham, Tom Hulce, Elizabeth Berridge, Roy Dotrice",1984
Inglourious Basterds,Quentin Tarantino,153,Germany,English,8.3,Adventure,"1,163,084","In Nazi-occupied France during World War II, a plan to assassinate Nazi leaders by a group of Jewish U.S. soldiers coincides with a theatre owner's vengeful plans for the same.","Brad Pitt, M√©lanie Laurent, Christoph Waltz, Eli Roth",2009
Good Will Hunting,Gus Van Sant,126,USA,English,8.3,Drama,"790,687","Will Hunting, a janitor at M.I.T., has a gift for mathematics, but needs help from a psychologist to find direction in his life.","Matt Damon, Ben Affleck, Stellan Skarsg√•rd, John Mighton",1998
M,Fritz Lang,99,Germany,German,8.3,Crime,"132,159","When the police in a German city are unable to catch a child-murderer, other criminals join in the manhunt.","Peter Lorre, Ellen Widmann, Inge Landgut",1931
Dangal,Nitesh Tiwari,161,India,Hindi,8.4,Action,"131,890",Former wrestler Mahavir Singh Phogat and his two wrestler daughters struggle towards glory at the Commonwealth Games in the face of societal oppression.,"Aamir Khan, Sakshi Tanwar, Fatima Sana Shaikh, Sanya Malhotra",2016
Requiem for a Dream,Darren Aronofsky,102,USA,English,8.3,Drama,"717,123",The drug-induced utopias of four Coney Island people are shattered when their addictions run deep.,"Ellen Burstyn, Jared Leto, Jennifer Connelly, Marlon Wayans",2000
2001: A Space Odyssey,Stanley Kubrick,149,UK,English,8.3,Adventure,"558,616","After discovering a mysterious artifact buried beneath the Lunar surface, mankind sets off on a quest to find its origins with help from intelligent supercomputer H.A.L. 9000.","Keir Dullea, Gary Lockwood, William Sylvester, Daniel Richter",1968
Vertigo,Alfred Hitchcock,128,USA,English,8.3,Mystery,"331,116",A former police detective juggles wrestling with his personal demons and becoming obsessed with a hauntingly beautiful woman.,"James Stewart, Kim Novak, Barbara Bel Geddes, Tom Helmore",1958
Eternal Sunshine of the Spotless Mind,Michel Gondry,108,USA,English,8.3,Drama,"844,981","When their relationship turns sour, a couple undergoes a medical procedure to have each other erased from their memories.","Jim Carrey, Kate Winslet, Gerry Robert Byrne, Elijah Wood",2004
Citizen Kane,Orson Welles,119,USA,English,8.3,Drama,"372,177","Following the death of publishing tycoon, Charles Foster Kane, reporters scramble to uncover the meaning of his final utterance; 'Rosebud'.","Joseph Cotten, Dorothy Comingore, Agnes Moorehead, Ruth Warrick",1941
The Hunt,Thomas Vinterberg,115,Denmark,Danish,8.3,Drama,"251,163","A teacher lives a lonely life, all the while struggling over his son's custody. His life slowly gets better as he finds love and receives good news from his son, but his new luck is about to be brutally shattered by an innocent little lie.","Mads Mikkelsen, Thomas Bo Larsen, Annika Wedderkopp, Lasse Fogelstr√∏m",2013
Full Metal Jacket,Stanley Kubrick,116,USA,English,8.3,Drama,"627,211",A pragmatic U.S. Marine observes the dehumanizing effects the Vietnam War has on his fellow recruits from their brutal boot camp training to the bloody street fighting in Hue.,"Matthew Modine, Adam Baldwin, Vincent D'Onofrio, R. Lee Ermey",1987
North by Northwest,Alfred Hitchcock,136,USA,English,8.3,Adventure,"278,923",A New York City advertising executive goes on the run after being mistaken for a government agent by a group of foreign spies.,"Cary Grant, Eva Marie Saint, James Mason, Jessie Royce Landis",1959
A Clockwork Orange,Stanley Kubrick,136,USA,English,8.3,Crime,"707,996","In the future, a sadistic gang leader is imprisoned and volunteers for a conduct-aversion experiment, but it doesn't go as planned.","Malcolm McDowell, Patrick Magee, Michael Bates, Warren Clarke",1972
Snatch,Guy Ritchie,102,UK,English,8.3,Comedy,"734,941","Unscrupulous boxing promoters, violent bookmakers, a Russian gangster, incompetent amateur robbers and supposedly Jewish jewelers fight to track down a priceless stolen diamond.","Benicio Del Toro, Dennis Farina, Vinnie Jones, Brad Pitt",2001
The Kid,Charles Chaplin,68,USA,English,8.3,Comedy,"101,743","The Tramp cares for an abandoned child, but events put that relationship in jeopardy.","Carl Miller, Edna Purviance, Jackie Coogan, Charles Chaplin",1921
Am√©lie,Jean-Pierre Jeunet,122,France,French,8.3,Comedy,"665,920","Am√©lie is an innocent and naive girl in Paris with her own sense of justice. She decides to help those around her and, along the way, discovers love.","Audrey Tautou, Mathieu Kassovitz, Rufus, Lorella Cravotta",2002
Bicycle Thieves,Vittorio De Sica,89,Italy,Italian,8.3,Drama,"132,376","In post-war Italy, a working-class man's bicycle is stolen. He and his son set out to find it.","Lamberto Maggiorani, Enzo Staiola, Lianella Carell, Elena Altieri",1949
Scarface,Brian De Palma,170,USA,English,8.3,Crime,"682,982","In 1980 Miami, a determined Cuban immigrant takes over a drug cartel and succumbs to greed.","Al Pacino, Steven Bauer, Michelle Pfeiffer, Mary Elizabeth Mastrantonio",1983
Singin' in the Rain,Stanley Donen,103,USA,English,8.3,Comedy,"202,828",A silent film production company and cast make a difficult transition to sound.,"Gene Kelly, Donald O'Connor, Debbie Reynolds, Jean Hagen",1952
Taxi Driver,Martin Scorsese,114,USA,English,8.3,Crime,"661,883","A mentally unstable veteran works as a nighttime taxi driver in New York City, where the perceived decadence and sleaze fuels his urge for violent action by attempting to liberate a presidential campaign worker and an underage prostitute.","Diahnne Abbott, Frank Adu, Victor Argo, Gino Ardito",1976
Lawrence of Arabia,David Lean,228,UK,English,8.3,Adventure,"249,150","The story of T.E. Lawrence, the English officer who successfully united and led the diverse, often warring, Arab tribes during World War I in order to fight the Turks.","Peter O'Toole, Alec Guinness, Anthony Quinn, Jack Hawkins",1962
Toy Story 3,Lee Unkrich,103,USA,English,8.3,Animation,"707,845","The toys are mistakenly delivered to a day-care center instead of the attic right before Andy leaves for college, and it's up to Woody to convince the other toys that they weren't abandoned and to return home.","Tom Hanks, Tim Allen, Joan Cusack, Ned Beatty",2010
The Sting,George Roy Hill,129,USA,English,8.3,Comedy,"225,876",Two grifters team up to pull off the ultimate con.,"Paul Newman, Robert Redford, Robert Shaw, Charles Durning",1973
Metropolis,Fritz Lang,153,Germany,German,8.3,Drama,"148,525","In a futuristic city sharply divided between the working class and the city planners, the son of the city's mastermind falls in love with a working class prophet who predicts the coming of a savior to mediate their differences.","Alfred Abel, Gustav Fr√∂hlich, Rudolf Klein-Rogge, Fritz Rasp",1927
For a Few Dollars More,Sergio Leone,132,Italy,Italian,8.3,Western,"213,312",Two bounty hunters with the same intentions team up to track down a Western outlaw.,"Clint Eastwood, Lee Van Cleef, Gian Maria Volont√®, Mario Brega",1967
Ikiru,Akira Kurosawa,143,Japan,Japanese,8.3,Drama,"60,676",A bureaucrat tries to find a meaning in his life after he discovers he has terminal cancer.,"Takashi Shimura, Shin'ichi Himori, Haruo Tanaka, Minoru Chiaki",1956
A Separation,Asghar Farhadi,123,Iran,Persian,8.3,Drama,"203,307",A married couple are faced with a difficult decision - to improve the life of their child by moving to another country or to stay in Iran and look after a deteriorating parent who has Alzheimer's disease.,"Peyman Moaadi, Leila Hatami, Sareh Bayat, Shahab Hosseini",2011
Double Indemnity,Billy Wilder,107,USA,English,8.3,Crime,"132,102",An insurance representative lets himself be talked by a seductive housewife into a murder/insurance fraud scheme that arouses the suspicion of an insurance investigator.,"Fred MacMurray, Barbara Stanwyck, Edward G. Robinson, Porter Hall",1944
To Kill a Mockingbird,Robert Mulligan,129,USA,English,8.3,Crime,"278,430","Atticus Finch, a lawyer in the Depression-era South, defends a black man against an undeserved rape charge, and his children against prejudice.","Gregory Peck, John Megna, Frank Overton, Rosemary Murphy",1963
Capharna√ºm,Nadine Labaki,126,Lebanon,Arabic,8.4,Drama,"31,832","While serving a five-year sentence for a violent crime, a 12-year-old boy sues his parents for neglect.","Zain Al Rafeea, Yordanos Shiferaw, Boluwatife Treasure Bankole",2018
Indiana Jones and the Last Crusade,Steven Spielberg,127,USA,English,8.2,Action,"649,210","In 1938, after his father Professor Henry Jones, Sr. goes missing while pursuing the Holy Grail, Professor Henry ""Indiana"" Jones, Jr. finds himself up against Adolf Hitler's Nazis again to stop them from obtaining its powers.","Harrison Ford, Sean Connery, Denholm Elliott, Alison Doody",1989
The Apartment,Billy Wilder,125,USA,English,8.3,Comedy,"149,088","A man tries to rise in his company by letting its executives use his apartment for trysts, but complications and a romance of his own ensue.","Jack Lemmon, Shirley MacLaine, Fred MacMurray, Ray Walston",1960
Up,Pete Docter,96,USA,English,8.2,Animation,"870,191","78-year-old Carl Fredricksen travels to Paradise Falls in his house equipped with balloons, inadvertently taking a young stowaway.","Edward Asner, Jordan Nagai, John Ratzenberger",2009
L.A. Confidential,Curtis Hanson,138,USA,English,8.2,Crime,"503,268","As corruption grows in 1950s Los Angeles, three policemen -- one strait-laced, one brutal, and one sleazy -- investigate a series of murders with their own brand of justice.","Kevin Spacey, Russell Crowe, Guy Pearce, James Cromwell",1997
Incendies,Denis Villeneuve,131,Canada,French,8.3,Drama,"129,461",Twins journey to the Middle East to discover their family history and fulfill their mother's last wishes.,"Mustafa Kamel, Hussein Sami, R√©my Girard, M√©lissa D√©sormeaux-Poulin",2011
Monty Python and the Holy Grail,Terry Gilliam,91,USA,English,8.2,Adventure,"472,399","King Arthur and his Knights of the Round Table embark on a surreal, low-budget search for the Holy Grail, encountering many, very silly obstacles.","Graham Chapman, John Cleese, Eric Idle, Terry Gilliam",1975
Heat,Michael Mann,170,USA,English,8.2,Crime,"536,187",A group of professional bank robbers start to feel the heat from police when they unknowingly leave a clue at their latest heist.,"Al Pacino, Robert De Niro, Val Kilmer",1995
Rash√¥mon,Akira Kurosawa,88,Japan,Japanese,8.2,Crime,"139,682","The rape of a bride and the murder of her samurai husband are recalled from the perspectives of a bandit, the bride, the samurai's ghost and a woodcutter.","Toshirô Mifune, Machiko Kyô, Masayuki Mori",1951
Die Hard,John McTiernan,132,USA,English,8.2,Action,"735,587",An NYPD officer tries to save his wife and several others taken hostage by German terrorists during a Christmas party at the Nakatomi Plaza in Los Angeles.,"Bruce Willis, Bonnie Bedelia, Reginald VelJohnson, Paul Gleason",1988
Batman Begins,Christopher Nolan,140,USA,English,8.2,Action,"1,225,799","After training with his mentor, Batman begins his fight to free crime-ridden Gotham City from corruption.","Christian Bale, Michael Caine, Liam Neeson, Katie Holmes",2005
Yojimbo,Akira Kurosawa,110,Japan,Japanese,8.2,Action,"101,332",A crafty ronin comes to a town divided by two criminal gangs and decides to play them against each other to free the town.,"Toshir√¥ Mifune, Tatsuya Nakadai, Y√¥ko Tsukasa, Isuzu Yamada",1961
Unforgiven,Clint Eastwood,130,USA,English,8.2,Drama,"349,751","Retired Old West gunslinger William Munny (Clint Eastwood) reluctantly takes on one last job, with the help of his old partner Ned Logan (Morgan Freeman) and a young man, The ""Schofield Kid"" (Jaimz Woolvett).","Clint Eastwood, Gene Hackman, Morgan Freeman, Richard Harris",1992
Green Book,Peter Farrelly,130,USA,English,8.2,Biography,"261,325",A working-class Italian-American bouncer becomes the driver of an African-American classical pianist on a tour of venues through the 1960s American South.,"Viggo Mortensen, Mahershala Ali, Linda Cardellini",2018
Downfall,Oliver Hirschbiegel,156,Germany,German,8.2,Biography,"312,273","Traudl Junge, the final secretary for Adolf Hitler, tells of the Nazi dictator's final days in his Berlin bunker at the end of WWII.","Bruno Ganz, Alexandra Maria Lara, Corinna Harfouch, Ulrich Matthes",2005
Children of Heaven,Majid Majidi,89,Iran,Persian,8.3,Drama,"56,552","After a boy loses his sister's pair of shoes, he goes on a series of adventures in order to find them. When he can't, he tries a new way to ""win"" a new pair.","Mohammad Amir Naji, Amir Farrokh Hashemian, Bahare Seddiqi, Nafise Jafar-Mohammadi",1999
Some Like It Hot,Billy Wilder,121,USA,English,8.2,Comedy,"226,701","When two male musicians witness a mob hit, they flee the state in an all-female band disguised as women, but further complications set in.","Marilyn Monroe, Tony Curtis, Jack Lemmon, George Raft",1959
Howl's Moving Castle,Hayao Miyazaki,119,Japan,Japanese,8.2,Animation,"291,768","When an unconfident young woman is cursed with an old body by a spiteful witch, her only chance of breaking the spell lies with a self-indulgent yet insecure young wizard and his companions in his legged, walking castle.","Chieko Baish√¥, Takuya Kimura, Akihiro Miwa, Tatsuya Gash√ªin",2005
The Great Escape,John Sturges,172,USA,English,8.2,Adventure,"209,468",Allied prisoners of war plan for several hundred of their number to escape from a German camp during World War II.,"Steve McQueen, James Garner, Richard Attenborough, James Donald",1963
My Neighbor Totoro,Hayao Miyazaki,86,Japan,Japanese,8.2,Animation,"247,339","When two girls move to the country to be near their ailing mother, they have adventures with the wondrous forest spirits who live nearby.","Noriko Hidaka, Chika Sakamoto, Shigesato Itoi, Sumi Shimamoto",1990
Ran,Akira Kurosawa,162,Japan,Japanese,8.2,Action,"102,297","In Medieval Japan, an elderly warlord retires, handing over his empire to his three sons. However, he vastly underestimates how the new-found power will corrupt them and cause them to turn on each other...and him.","Tatsuya Nakadai, Akira Terao, Jinpachi Nezu",1985
A Beautiful Mind,Ron Howard,135,USA,English,8.2,Biography,"790,365","After John Nash, a brilliant but asocial mathematician, accepts secret work in cryptography, his life takes a turn for the nightmarish.","Russell Crowe, Ed Harris, Jennifer Connelly, Christopher Plummer",2002
All About Eve,Joseph L. Mankiewicz,138,USA,English,8.2,Drama,"112,268",An ing√©nue insinuates herself into the lives of an established but aging stage actress and her circle of theater friends.,"Bette Davis, Anne Baxter, George Sanders, Celeste Holm",1950
Pan's Labyrinth,Guillermo del Toro,118,Mexico,Spanish,8.2,Drama,"584,144","In the Falangist Spain of 1944, the bookish young stepdaughter of a sadistic army officer escapes into an eerie but captivating fantasy world.","Ivana Baquero, Sergi L√≥pez, Maribel Verd√∫, Doug Jones",2007
Come and See,Elem Klimov,142,Soviet Union,Belarusian,8.3,Drama,"45,843","After finding an old rifle, a young boy joins the Soviet resistance movement against ruthless German forces and experiences the horrors of World War II.","Aleksey Kravchenko, Olga Mironova, Liubomiras Laucevicius, Vladas Bagdonas",1985
Casino,Martin Scorsese,178,USA,English,8.2,Crime,"425,792","A tale of greed, deception, money, power, and murder occur between two best friends: a mafia enforcer and a casino executive, compete against each other over a gambling empire, and over a fast living and fast loving socialite.","Robert De Niro, Sharon Stone, Joe Pesci, James Woods",1995
The Secret in Their Eyes,Juan Jos√© Campanella,129,Argentina,Spanish,8.2,Drama,"177,530",A retired legal counselor writes a novel hoping to find closure for one of his past unresolved homicide cases and for his unreciprocated love with his superior - both of which still haunt him decades later.,"Soledad Villamil, Ricardo Dar√≠n, Carla Quevedo, Pablo Rago",2010
Raging Bull,Martin Scorsese,129,USA,English,8.2,Biography,"296,972","The life of boxer Jake LaMotta, whose violence and temper that led him to the top in the ring destroyed his life outside of it.","Robert De Niro, Cathy Moriarty, Joe Pesci, Frank Vincent",1980
"Lock, Stock and Two Smoking Barrels",Guy Ritchie,107,UK,English,8.2,Comedy,"502,879","A botched card game in London triggers four friends, thugs, weed-growers, hard gangsters, loan sharks and debt collectors to collide with each other in a series of unexpected events, all for the sake of weed, cash and two antique shotguns.","Jason Flemyng, Dexter Fletcher, Nick Moran, Jason Statham",1998
The Wolf of Wall Street,Martin Scorsese,180,USA,English,8.2,Biography,"1,070,718","Based on the true story of Jordan Belfort, from his rise to a wealthy stock-broker living the high life to his fall involving crime, corruption and the federal government.","Leonardo DiCaprio, Jonah Hill, Margot Robbie, Matthew McConaughey",2013
The Treasure of the Sierra Madre,John Huston,126,USA,English,8.2,Adventure,"106,160",Two Americans searching for work in Mexico convince an old prospector to help them mine for gold in the Sierra Madre Mountains.,"Humphrey Bogart, Walter Huston, Tim Holt, Bruce Bennett",1948
Judgment at Nuremberg,Stanley Kramer,179,USA,English,8.2,Drama,"63,584","In 1948, an American court in occupied Germany tries four Nazis judged for war crimes.","Spencer Tracy, Burt Lancaster, Richard Widmark, Marlene Dietrich",1961
Babam ve Oglum,√áagan Irmak,108,Turkey,Turkish,8.3,Drama,"70,846",The family of a left-wing journalist is torn apart after a military coup in 1980's Turkey.,"Çetin Tekindor, Fikret Kuskan, Hümeyra",2005
"Three Billboards Outside Ebbing, Missouri",Martin McDonagh,115,UK,English,8.2,Comedy,"368,394",A mother personally challenges the local authorities to solve her daughter's murder when they fail to catch the culprit.,"Frances McDormand, Woody Harrelson, Sam Rockwell ",2017
Chinatown,Roman Polanski,130,USA,English,8.2,Drama,"272,734","A private detective hired to expose an adulterer finds himself caught up in a web of deceit, corruption, and murder.","Jack Nicholson, Faye Dunaway, John Huston, Perry Lopez",1974
The Gold Rush,Charles Chaplin,95,USA,English,8.2,Adventure,"92,046",A prospector goes to the Klondike in search of gold and finds it and more.,"Charles Chaplin, Mack Swain, Tom Murray, Henry Bergman",1925
Dial M for Murder,Alfred Hitchcock,105,USA,English,8.2,Crime,"144,416",A tennis player frames his unfaithful wife for first-degree murder after she inadvertently hinders his plan to kill her.,"Ray Milland, Grace Kelly, Robert Cummings, John Williams",1954
There Will Be Blood,Paul Thomas Anderson,158,USA,English,8.1,Drama,"475,708","A story of family, religion, hatred, oil and madness, focusing on a turn-of-the-century prospector in the early days of the business.","Daniel Day-Lewis, Martin Stringer, Matthew Braden Stringer, Jacob Stringer",2008
V for Vendetta,James McTeigue,132,USA,English,8.2,Action,"971,552","In a future British tyranny, a shadowy freedom fighter, known only by the alias of ""V"", plots to overthrow it with the help of a young woman.","Natalie Portman, Hugo Weaving, Stephen Rea, Stephen Fry",2006
Inside Out,Pete Docter,95,USA,English,8.2,Animation,"556,685","After young Riley is uprooted from her Midwest life and moved to San Francisco, her emotions - Joy, Fear, Anger, Disgust and Sadness - conflict on how best to navigate a new city, house, and school.","Amy Poehler, Phyllis Smith, Richard Kind, Bill Hader",2015
The Seventh Seal,Ingmar Bergman,96,Sweden,Swedish,8.2,Drama,"147,958","A man seeks answers about life, death, and the existence of God as he plays chess against the Grim Reaper during the Black Plague.","Gunnar Bj√∂rnstrand, Bengt Ekerot, Nils Poppe, Max von Sydow",1958
Drishyam,Jeethu Joseph,160,Malayalam,Malayalam,8.6,Crime,"26,989",A man goes to extreme lengths to save his family from punishment after the family commits an accidental crime.,"Ajay Devgn, Shriya Saran, Tabu, Rajat Kapoor",2013
Warrior,Gavin O'Connor,140,USA,English,8.2,Drama,"411,366","The youngest son of an alcoholic former boxer returns home, where he's trained by his father for competition in a mixed martial arts tournament - a path that puts the fighter on a collision course with his estranged, older brother.","Joel Edgerton, Tom Hardy, Nick Nolte, Jennifer Morrison",2011
No Country for Old Men,Ethan Coen,122,USA,English,8.1,Crime,"786,898",Violence and mayhem ensue after a hunter stumbles upon a drug deal gone wrong and more than two million dollars in cash near the Rio Grande.,"Tommy Lee Jones, Javier Bardem, Josh Brolin, Woody Harrelson",2007
Trainspotting,Danny Boyle,93,UK,English,8.1,Drama,"601,588","Renton, deeply immersed in the Edinburgh drug scene, tries to clean up and get out, despite the allure of the drugs and influence of friends.","Ewan McGregor, Ewen Bremner, Jonny Lee Miller, Kevin McKidd",1996
Room,Lenny Abrahamson,118,Ireland,English,8.1,Drama,"330,157","Held captive for 7 years in an enclosed space, a woman and her young son finally gain their freedom, allowing the boy to experience the outside world for the first time.","Brie Larson, Jacob Tremblay, Sean Bridgers",2016
The Elephant Man,David Lynch,124,USA,English,8.1,Biography,"204,759","A Victorian surgeon rescues a heavily disfigured man who is mistreated while scraping a living as a side-show freak. Behind his monstrous fa√ßade, there is revealed a person of kindness, intelligence and sophistication.","Anthony Hopkins, John Hurt, Anne Bancroft, John Gielgud",1980
The Sixth Sense,M. Night Shyamalan,107,USA,English,8.1,Drama,"862,111",A boy who communicates with spirits seeks the help of a disheartened child psychologist.,"Bruce Willis, Haley Joel Osment, Toni Collette, Olivia Williams",1999
Shutter Island,Martin Scorsese,138,USA,English,8.1,Mystery,"1,037,087","In 1954, a U.S. Marshal investigates the disappearance of a murderer who escaped from a hospital for the criminally insane.","Leonardo DiCaprio, Mark Ruffalo, Ben Kingsley, Max von Sydow",2010
The Thing,John Carpenter,109,USA,English,8.1,Horror,"342,114",A research team in Antarctica is hunted by a shape-shifting alien that assumes the appearance of its victims.,"Kurt Russell, Wilford Brimley, T.K. Carter, David Clennon",1982
Gone with the Wind,Victor Fleming,238,USA,English,8.1,Drama,"269,820",A manipulative woman and a roguish man conduct a turbulent romance during the American Civil War and Reconstruction periods.,"Thomas Mitchell, Barbara O'Neil, Vivien Leigh, Evelyn Keyes",1940
Andhadhun,Sriram Raghavan,139,India,Hindi,8.4,Crime,"52,123","A series of mysterious events changes the life of a blind pianist, who must now report a crime that he should technically know nothing of.","Ayushmann Khurrana, Tabu, Radhika Apte",2018
The Bridge on the River Kwai,David Lean,161,USA,English,8.1,Adventure,"190,150","British POWs build a railway bridge across the river Kwai for their Japanese captors, oblivious of the Allies' plans to destroy it.","William Holden, Alec Guinness, Jack Hawkins, Sessue Hayakawa",1957
Blade Runner,Ridley Scott,117,USA,English,8.1,Action,"645,437","A blade runner must pursue and terminate four replicants who stole a ship in space, and have returned to Earth to find their creator.","Harrison Ford, Rutger Hauer, Sean Young, Edward James Olmos",1982
On the Waterfront,Elia Kazan,108,USA,English,8.1,Crime,"131,796",An ex-prize fighter turned longshoreman struggles to stand up to his corrupt union bosses.,"Marlon Brando, Karl Malden, Lee J. Cobb, Rod Steiger",1954
The Third Man,Carol Reed,93,USA,English,8.1,Film-Noir,"148,792","Pulp novelist Holly Martins travels to shadowy, postwar Vienna, only to find himself investigating the mysterious death of an old friend, Harry Lime.","Joseph Cotten, Alida Valli, Orson Welles, Trevor Howard",1949
Jurassic Park,Steven Spielberg,127,USA,English,8.1,Action,"803,216",A pragmatic Paleontologist visiting an almost complete theme park is tasked with protecting a couple of kids after a power failure causes the park's cloned dinosaurs to run loose.,"Sam Neill, Laura Dern, Jeff Goldblum, Richard Attenborough",1993
Finding Nemo,Andrew Stanton,100,USA,English,8.1,Animation,"890,369","After his son is captured in the Great Barrier Reef and taken to Sydney, a timid clownfish sets out on a journey to bring him home.","Albert Brooks, Ellen DeGeneres, Alexander Gould, Willem Dafoe",2003
Wild Strawberries,Ingmar Bergman,91,Sweden,Swedish,8.2,Drama,"86,747","After living a life marked by coldness, an aging professor is forced to confront the emptiness of his existence.","Victor Sj√∂str√∂m, Bibi Andersson, Ingrid Thulin, Gunnar Bj√∂rnstrand",1959
Fargo,Joel Coen,98,USA,English,8.1,Crime,"574,724",Jerry Lundegaard's inept crime falls apart due to his and his henchmen's bungling and the persistent police work of the quite pregnant Marge Gunderson.,"William H. Macy, Steve Buscemi, Peter Stormare, Kristin Rudr√ºd",1996
Gran Torino,Clint Eastwood,116,Germany,English,8.1,Drama,"682,816","Disgruntled Korean War veteran Walt Kowalski (Clint Eastwood) sets out to reform his neighbor, Thao Lor (Bee Vang), a Hmong teenager who tried to steal Kowalski's prized possession: a 1972 Gran Torino.","Clint Eastwood, Christopher Carley, Bee Vang, Ahney Her",2009
The Bandit,Yavuz Turgul,128,Turkey,Turkish,8.3,Crime,"57,509","Baran the Bandit, released from prison after 35 years searches for vengeance and his lover.","Sener Sen, Ugur Yücel, Sermin Hürmeriç",1996
Kill Bill: Vol. 1,Quentin Tarantino,111,USA,English,8.1,Action,"932,895","After awakening from a four-year coma, a former assassin wreaks vengeance on the team of assassins who betrayed her.","Uma Thurman, Lucy Liu, Vivica A. Fox, Daryl Hannah",2003
The Deer Hunter,Michael Cimino,183,USA,English,8.1,Drama,"290,791",An in-depth examination of the ways in which the U.S. Vietnam War impacts and disrupts the lives of people in a small industrial town in Pennsylvania.,"Robert De Niro, John Cazale, John Savage, Christopher Walken",1979
Ford v Ferrari,James Mangold,152,USA,English,8.3,Action,"26,926","American car designer Carroll Shelby and driver Ken Miles battle corporate interference, the laws of physics and their own personal demons to build a revolutionary race car for Ford and challenge Ferrari at the 24 Hours of Le Mans in 1966.","Matt Damon, Christian Bale, Jon Bernthal",2019
Stalker,Andrei Tarkovsky,162,Russia,Russian,8.2,Drama,"102,187",A guide leads two men through an area known as the Zone to find a room that grants wishes.,"Alisa Freyndlikh, Aleksandr Kaydanovskiy, Anatoliy Solonitsyn, Nikolay Grinko",1980
The Truman Show,Peter Weir,103,USA,English,8.1,Comedy,"861,951",An insurance salesman discovers his whole life is actually a reality TV show.,"Jim Carrey, Laura Linney, Noah Emmerich, Natascha McElhone",1998
The Big Lebowski,Joel Coen,117,USA,English,8.1,Comedy,"679,682","Jeff ""The Dude"" Lebowski, mistaken for a millionaire of the same name, seeks restitution for his ruined rug and enlists his bowling buddies to help get it.","Jeff Bridges, John Goodman, Julianne Moore, Steve Buscemi",1998
Tokyo Story,Yasujir√¥ Ozu,136,Japan,Japanese,8.2,Drama,"45,744",An old couple visit their children and grandchildren in the city; but the children have little time for them.,"Chish√ª Ry√ª, Chieko Higashiyama, Setsuko Hara, Haruko Sugimura",1972
Relatos salvajes,Dami√°n Szifron,122,Argentina,Spanish,8.1,Comedy,"156,987",Six short stories that explore the extremities of human behavior involving people in distress.,"Darío Grandinetti, María Marull, Mónica Villa",2014
Mary and Max,Adam Elliot,92,Australia,English,8.1,Animation,"154,332","A tale of friendship between two unlikely pen pals: Mary, a lonely, eight-year-old girl living in the suburbs of Melbourne, and Max, a forty-four-year old, severely obese man living in New York.","Toni Collette, Philip Seymour Hoffman, Barry Humphries, Eric Bana",2009
In the Name of the Father,Jim Sheridan,133,USA,English,8.1,Biography,"145,039",A man's coerced confession to an IRA bombing he did not commit results in the imprisonment of his father as well. An English lawyer fights to free them.,"Alison Crosbie, Daniel Day-Lewis, Philip King, Emma Thompson",1994
Gone Girl,David Fincher,149,USA,English,8.1,Drama,"785,035","With his wife's disappearance having become the focus of an intense media circus, a man sees the spotlight turned on him when it's suspected that he may not be innocent.","Ben Affleck, Rosamund Pike, Neil Patrick Harris, Tyler Perry",2014
Hacksaw Ridge,Mel Gibson,139,Australia,English,8.1,Biography,"384,443","World War II American Army Medic Desmond T. Doss, who served during the Battle of Okinawa, refuses to kill people, and becomes the first man in American history to receive the Medal of Honor without firing a shot.","Andrew Garfield, Richard Pyros, Jacob Warner, Milo Gibson",2016
The General,Clyde Bruckman,67,USA,English,8.1,Action,"73,810","When Union spies steal an engineer's beloved locomotive, he pursues it single-handedly and straight through enemy lines.","Buster Keaton, Marion Mack, Glen Cavender, Jim Farley",1927
Sherlock Jr.,Buster Keaton,45,USA,English,8.2,Action,"35,189","A film projectionist longs to be a detective, and puts his meagre skills to work when he is framed by a rival for stealing his girlfriend's father's pocketwatch.","Buster Keaton, Kathryn McGuire, Joe Keaton",1924
How to Train Your Dragon,Dean DeBlois,98,USA,English,8.1,Animation,"625,845","A hapless young Viking who aspires to hunt dragons becomes the unlikely friend of a young dragon himself, and learns there may be more to the creatures than he assumed.","Jay Baruchel, Gerard Butler, Craig Ferguson, America Ferrera",2010
Mr. Smith Goes to Washington,Frank Capra,129,USA,English,8.1,Comedy,"100,258","A naive man is appointed to fill a vacancy in the United States Senate. His plans promptly collide with political corruption, but he doesn't back down.","Jean Arthur, James Stewart, Claude Rains, Edward Arnold",1939
Memories of Murder,Bong Joon Ho,132,South Korea,Korean,8.1,Action,"108,066","In a small Korean province in 1986, three detectives struggle with the case of multiple young women being found raped and murdered by an unknown culprit.","Kang-ho Song, Sang-kyung Kim, Roe-ha Kim, Jae-ho Song",2003
The Grand Budapest Hotel,Wes Anderson,99,Germany,English,8.1,Adventure,"650,965","The adventures of Gustave H, a legendary concierge at a famous hotel from the fictional Republic of Zubrowka between the first and second World Wars, and Zero Moustafa, the lobby boy who becomes his most trusted friend.","Ralph Fiennes, F. Murray Abraham, Mathieu Amalric, Adrien Brody",2014
Persona,Ingmar Bergman,83,Sweden,Swedish,8.1,Drama,"90,454",A nurse is put in charge of a mute actress and finds that their personae are melding together.,"Bibi Andersson, Liv Ullmann, Margaretha Krook, Gunnar Bj√∂rnstrand",1967
Before Sunrise,Richard Linklater,101,USA,English,8.1,Drama,"245,460","A young man and woman meet on a train in Europe, and wind up spending one evening together in Vienna. Unfortunately, both know that this will probably be their only night together.","Ethan Hawke, Julie Delpy, Andrea Eckert, Hanno P√∂schl",1995
Catch Me If You Can,Steven Spielberg,141,USA,English,8.1,Biography,"745,981","A seasoned FBI agent pursues Frank Abagnale Jr. who, before his 19th birthday, successfully forged millions of dollars' worth of checks while posing as a Pan Am pilot, a doctor, and a legal prosecutor.","Leonardo DiCaprio, Tom Hanks, Christopher Walken, Martin Sheen",2002
Into the Wild,Sean Penn,148,USA,English,8.1,Adventure,"535,518","After graduating from Emory University, top student and athlete Christopher McCandless abandons his possessions, gives his entire $24,000 savings account to charity and hitchhikes to Alaska to live in the wilderness. Along the way, Christopher encounters a series of characters that shape his life.","Emile Hirsch, Marcia Gay Harden, William Hurt, Jena Malone",2007
Cool Hand Luke,Stuart Rosenberg,127,USA,English,8.1,Crime,"151,926","A laid back Southern man is sentenced to two years in a rural prison, but refuses to conform.","Paul Newman, George Kennedy, J.D. Cannon, Lou Antonio",1967
12 Years a Slave,Steve McQueen,134,USA,English,8.1,Biography,"592,326","In the antebellum United States, Solomon Northup, a free black man from upstate New York, is abducted and sold into slavery.","Chiwetel Ejiofor, Dwight Henry, Dickie Gravois, Bryan Batt",2013
The Wages of Fear,Henri-Georges Clouzot,131,France,French,8.1,Adventure,"49,755","In a decrepit South American village, four men are hired to transport an urgent nitroglycerine shipment without the equipment that would make it safe.","Yves Montand, Charles Vanel, Folco Lulli, Peter van Eyck",1955
Prisoners,Denis Villeneuve,153,USA,English,8.1,Crime,"543,975","When Keller Dover's daughter and her friend go missing, he takes matters into his own hands as the police pursue multiple leads and the pressure mounts.","Hugh Jackman, Jake Gyllenhaal, Viola Davis ",2013
Network,Sidney Lumet,121,USA,English,8.1,Drama,"135,063",A television network cynically exploits a deranged former anchor's ravings and revelations about the news media for its own profit.,"Faye Dunaway, William Holden, Peter Finch, Robert Duvall",1976
Monty Python's Life of Brian,Terry Jones,94,USA,English,8.1,Comedy,"342,817","Born on the original Christmas in the stable next door to Jesus, Brian of Nazareth spends his life being mistaken for a messiah.","Graham Chapman, John Cleese, Michael Palin",1979
Stand by Me,Rob Reiner,89,USA,English,8.1,Adventure,"341,335","After the death of one of his friends, a writer recounts a boyhood journey with his friends to find the body of a missing boy.","Wil Wheaton, River Phoenix, Corey Feldman, Jerry O'Connell",1986
Mad Max: Fury Road,George Miller,120,Australia,English,8.1,Action,"805,741","In a post-apocalyptic wasteland, a woman rebels against a tyrannical ruler in search for her homeland with the aid of a group of female prisoners, a psychotic worshiper, and a drifter named Max.","Tom Hardy, Charlize Theron, Nicholas Hoult, Hugh Keays-Byrne",2015
Platoon,Oliver Stone,120,USA,English,8.1,Drama,"358,973",A young soldier in Vietnam faces a moral crisis when confronted with the horrors of war and the duality of man.,"Tom Berenger, Keith David, Willem Dafoe, Forest Whitaker",1987
The Red Shoes,Michael Powell,135,USA,English,8.2,Drama,"26,243",A young ballet dancer is torn between the man she loves and her pursuit to become a prima ballerina.,"Anton Walbrook, Marius Goring, Moira Shearer",1948
The Passion of Joan of Arc,Carl Theodor Dreyer,114,France,French,8.2,Biography,"42,240","In 1431, Jeanne d'Arc is placed on trial on charges of heresy. The ecclesiastical jurists attempt to force Jeanne to recant her claims of holy visions.","Maria Falconetti, Eugene Silvain, Andr√© Berley, Maurice Schutz",1928
Million Dollar Baby,Clint Eastwood,132,USA,English,8.1,Drama,"598,110",A determined woman works with a hardened boxing trainer to become a professional.,"Clint Eastwood, Hilary Swank, Morgan Freeman, Jay Baruchel",2005
Rang De Basanti,Rakeysh Omprakash Mehra,167,India,Hindi,8.2,Comedy,"103,236","The story of six young Indians who assist an English woman to film a documentary on the freedom fighters from their past, and the events that lead them to relive the long-forgotten saga of freedom.","Aamir Khan, Siddharth, Sharman Joshi, Kunal Kapoor",2006
Rush,Ron Howard,123,UK,English,8.1,Biography,"402,845",The merciless 1970s rivalry between Formula One rivals James Hunt and Niki Lauda.,"Chris Hemsworth, Daniel Br√ºhl, Olivia Wilde, Alexandra Maria Lara",2013
Hachi: A Dog's Tale,Lasse Hallstr√∂m,93,UK,English,8.1,Drama,"230,724",A college professor bonds with an abandoned dog he takes into his home.,"Richard Gere, Joan Allen, Cary-Hiroyuki Tagawa, Sarah Roemer",2010
Barry Lyndon,Stanley Kubrick,185,USA,English,8.1,Adventure,"136,503",An Irish rogue wins the heart of a rich widow and assumes her dead husband's aristocratic position in 18th-century England.,"Ryan O'Neal, Marisa Berenson, Patrick Magee, Hardy Kr√ºger",1975
Logan,James Mangold,137,USA,English,8.1,Action,"586,695","In a future where mutants are nearly extinct, an elderly and weary Logan leads a quiet life. But when Laura, a mutant child pursued by scientists, comes to him for help, he must get her to safety.","Hugh Jackman, Patrick Stewart, Dafne Keen",2017
Andrei Rublev,Andrei Tarkovsky,205,Russia,Russian,8.2,Biography,"40,792","The life, times and afflictions of the fifteenth-century Russian iconographer St. Andrei Rublev.","Anatoliy Solonitsyn, Ivan Lapikov, Nikolay Grinko, Nikolay Sergeev",1973
Ben-Hur,William Wyler,212,USA,English,8.1,Adventure,"205,726","When a Jewish prince is betrayed and sent into slavery by a Roman friend, he regains his freedom and comes back for revenge.","Charlton Heston, Jack Hawkins, Haya Harareet, Stephen Boyd",1960
Nausica√§ of the Valley of the Wind,Hayao Miyazaki,117,Japan,Japanese,8.1,Animation,"131,981",Warrior and pacifist Princess Nausica√§ desperately struggles to prevent two warring nations from destroying themselves and their dying planet.,"Sumi Shimamoto, Mahito Tsujimura, Hisako Ky√¥da, Gor√¥ Naya",1987
The 400 Blows,Fran√ßois Truffaut,99,France,French,8.1,Crime,"95,003","A young boy, left without attention, delves into a life of petty crime.","Jean-Pierre L√©aud, Claire Maurier, Albert R√©my, Guy Decomble",1959
Hotel Rwanda,Terry George,121,UK,English,8.1,Biography,"318,763",Paul Rusesabagina was a hotel manager who housed over a thousand Tutsi refugees during their struggle against the Hutu militia in Rwanda.,"Don Cheadle, Xolani Mali, Desmond Dube, Hakeem Kae-Kazim",2005
Amores Perros,Alejandro G. I√±√°rritu,154,Mexico,Spanish,8.1,Drama,"210,719","A horrific car accident connects three stories, each involving characters dealing with loss, regret, and life's harsh realities, all in the name of love.","Emilio Echevarr√≠a, Gael Garc√≠a Bernal, Goya Toledo, √Ålvaro Guerrero",2001
Harry Potter and the Deathly Hallows: Part 2,David Yates,130,USA,English,8.1,Adventure,"708,787","Harry (Daniel Radcliffe), Ron (Rupert Grint), and Hermione (Emma Watson) search for Voldemort's (Ralph Fiennes') remaining Horcruxes in their effort to destroy the Dark Lord as the final battle rages on at Hogwarts.","Ralph Fiennes, Michael Gambon, Alan Rickman, Daniel Radcliffe",2011
Spotlight,Tom McCarthy,129,USA,English,8.1,Biography,"378,594","The true story of how the Boston Globe uncovered the massive scandal of child molestation and cover-up within the local Catholic Archdiocese, shaking the entire Catholic Church to its core.","Mark Ruffalo, Michael Keaton, Rachel McAdams",2015
Dead Poets Society,Peter Weir,128,USA,English,8.1,Comedy,"383,589",English teacher John Keating inspires his students to look at poetry with a different perspective of authentic knowledge and feelings.,"Robin Williams, Robert Sean Leonard, Ethan Hawke",1989
Ace in the Hole,Billy Wilder,111,USA,English,8.2,Drama,"26,059","A frustrated former big-city journalist now stuck working for an Albuquerque newspaper exploits a story about a man trapped in a cave to rekindle his career, but the situation quickly escalates into an out-of-control circus.","Kirk Douglas, Jan Sterling, Robert Arthur ",1951
White Heat,Raoul Walsh,114,USA,English,8.2,Action,"25,939",A psychopathic criminal with a mother complex makes a daring break from prison and leads his old gang in a chemical plant payroll heist.,"James Cagney, Virginia Mayo, Edmond O'Brien",1949
Rebecca,Alfred Hitchcock,130,USA,English,8.1,Drama,"113,498",A self-conscious woman juggles adjusting to her new role as an aristocrat's wife and avoiding being intimidated by his first wife's spectral presence.,"Laurence Olivier, Joan Fontaine, George Sanders",1940
Rocky,John G. Avildsen,120,USA,English,8.1,Drama,"484,713",A small-time boxer gets a supremely rare chance to fight a heavy-weight champion in a bout in which he strives to go the distance for his self-respect.,"Sylvester Stallone, Talia Shire, Burt Young, Carl Weathers",1976
"Monsters, Inc.",Pete Docter,92,USA,English,8.0,Animation,"760,776","In order to power the city, monsters have to scare children so that they scream. However, the children are toxic to the monsters, and after a child gets through, 2 monsters realize things may not be what they think.","John Goodman, Billy Crystal, Mary Gibbs, Steve Buscemi",2001
It Happened One Night,Frank Capra,105,USA,English,8.1,Comedy,"86,801",A spoiled heiress running away from her family is helped by a man who is actually a reporter in need of a story.,"Clark Gable, Claudette Colbert, Walter Connolly, Roscoe Karns",1934
The Handmaiden,Chan-wook Park,145,South Korea,Korean,8.1,Drama,"86,747","A woman is hired as a handmaiden to a Japanese heiress, but secretly she is involved in a plot to defraud her.","Min-hee Kim, Jung-woo Ha, Jin-woong Cho",2016
La Haine,Mathieu Kassovitz,98,France,French,8.1,Crime,"135,363",24 hours in the lives of three young men in the French suburbs the day after a violent riot.,"Vincent Cassel, Hubert Kound√©, Sa√Ød Taghmaoui, Abdel Ahmed Ghili",1996
Gangs of Wasseypur,Anurag Kashyap,321,India,Hindi,8.2,Action,"71,829","A clash between Sultan and Shahid Khan leads to the expulsion of Khan from Wasseypur, and ignites a deadly blood feud spanning three generations.","Manoj Bajpayee, Richa Chadha, Nawazuddin Siddiqui, Tigmanshu Dhulia",2012
Lagaan: Once Upon a Time in India,Ashutosh Gowariker,224,India,Hindi,8.1,Adventure,"95,869",The people of a small village in Victorian India stake their future on a game of cricket against their ruthless British rulers.,"Cary Elwes, Mandy Patinkin, Robin Wright",2001
The Princess Bride,Rob Reiner,98,USA,English,8.1,Adventure,"368,612","While home sick in bed, a young boy's grandfather reads him the story of a farmboy-turned-pirate who encounters numerous obstacles, enemies and allies in his quest to be reunited with his true love.","Cary Elwes, Mandy Patinkin, Chris Sarandon, Christopher Guest",1987
PK,Rajkumar Hirani,153,India,Hindi,8.1,Comedy,"144,029",An alien on Earth loses the only device he can use to communicate with his spaceship. His innocent nature and child-like questions force the country to evaluate the impact of religion on its people.,"Aamir Khan, Anushka Sharma, Sanjay Dutt, Boman Irani",2014
Butch Cassidy and the Sundance Kid,George Roy Hill,110,USA,English,8.0,Biography,"191,378","Wyoming, early 1900s. Butch Cassidy and The Sundance Kid are the leaders of a band of outlaws. After a train robbery goes wrong they find themselves on the run with a posse hard on their heels. Their solution - escape to Bolivia.","Paul Newman, Robert Redford, Katharine Ross, Strother Martin",1969
Before Sunset,Richard Linklater,80,USA,English,8.0,Drama,"214,604","Nine years after Jesse and Celine first met, they encounter each other again on the French leg of Jesse's book tour.","Ethan Hawke, Julie Delpy, Vernon Dobtcheff",2004
The Help,Tate Taylor,146,USA,English,8.1,Drama,"400,758","An aspiring author during the civil rights movement of the 1960s decides to write a book detailing the African American maids' point of view on the white families for which they work, and the hardships they go through on a daily basis.","Emma Stone, Viola Davis, Bryce Dallas Howard, Octavia Spencer",2011
Munna Bhai M.B.B.S.,Rajkumar Hirani,156,India,Hindi,8.1,Comedy,"67,338",A gangster sets out to fulfill his father's dream of becoming a doctor.,"Sunil Dutt, Sanjay Dutt, Arshad Warsi, Gracy Singh",2003
The Terminator,James Cameron,107,UK,English,8.0,Action,"752,397","In 1984, a human soldier is tasked to stop an indestructible cyborg killing machine, both sent from 2029, from executing a young woman, whose unborn son is the key to humanity's future salvation.","Arnold Schwarzenegger, Michael Biehn, Linda Hamilton, Paul Winfield",1984
Akira,Katsuhiro √îtomo,124,Japan,Japanese,8.1,Animation,"146,788",A secret military project endangers Neo-Tokyo when it turns a biker gang member into a rampaging psychic psychopath who can only be stopped by two teenagers and a group of psychics.,"Mitsuo Iwata, Nozomu Sasaki, Mami Koyama",1988
In the Mood for Love,Kar-Wai Wong,98,Hong Kong,Cantonese,8.1,Drama,"109,860","Two neighbors, a woman and a man, form a strong bond after both suspect extramarital activities of their spouses. However, they agree to keep their bond platonic so as not to commit similar wrongs.","Maggie Cheung, Tony Chiu-Wai Leung, Ping Lam Siu, Tung Cho 'Joe' Cheung",2001
"Paris, Texas",Wim Wenders,145,USA,English,8.1,Drama,"77,993","Travis Henderson, an aimless drifter who has been missing for four years, wanders out of the desert and must reconnect with society, himself, his life, and his family.","Harry Dean Stanton, Sam Berry, Bernhard Wicki, Dean Stockwell",1984
Aladdin,Ron Clements,90,USA,English,8.0,Animation,"338,353",A kindhearted street urchin and a power-hungry Grand Vizier vie for a magic lamp that has the power to make their deepest wishes come true.,"Scott Weinger, Robin Williams, Linda Larkin",1992
Swades,Ashutosh Gowariker,189,India,Hindi,8.2,Drama,"76,923",A successful Indian scientist returns to an Indian village to take his nanny to America with him and in the process rediscovers his roots.,"Shah Rukh Khan, Gayatri Joshi, Kishori Ballal",2004
Guardians of the Galaxy,James Gunn,121,USA,English,8.0,Action,"981,488",A group of intergalactic criminals must pull together to stop a fanatical warrior with plans to purge the universe.,"Chris Pratt, Vin Diesel, Bradley Cooper",2014
Infernal Affairs,Andrew Lau,101,Hong Kong,Cantonese,8.1,Crime,"113,159","A story between a mole in the police department and an undercover cop. Their objectives are the same: to find out who is the mole, and who is the cop.","Andy Lau, Tony Chiu-Wai Leung, Anthony Chau-Sang Wong, Eric Tsang",2002
The Battle of Algiers,Gillo Pontecorvo,121,France,French,8.1,Drama,"48,424","In the 1950s, fear and violence escalate as the people of Algiers fight for independence from the French government.","Jean Martin, Yacef Saadi, Brahim Hadjadj, Samia Kerbash",1967
La leggenda del pianista sull'oceano,Giuseppe Tornatore,169,USA,English,8.1,Drama,"54,262","A baby boy, discovered in 1900 on an ocean liner, grows into a musical prodigy, never setting foot on land.","Tim Roth, Pruitt Taylor Vince, Mélanie Thierry",1998
Castle in the Sky,Hayao Miyazaki,125,Japan,Japanese,8.0,Animation,"131,725",A young boy and a girl with a magic crystal must race against pirates and foreign agents in a search for a legendary floating castle.,"Anna Paquin, James Van Der Beek, Cloris Leachman",1991
