Movie Name,Director,Release Date,Running Time,Country,Language,IMDB Rating,Genre,Number of votes,Plot,Cast
The Shawshank Redemption,Frank Darabont,14 October 1994 (USA),2h 22min,USA,English,9.3,Drama,"2,161,135","Two imprisoned men bond over a number of years, finding solace and eventual redemption through acts of common decency.","Tim Robbins, Morgan Freeman, Bob Gunton, William Sadler"
The Godfather,Francis Ford Coppola,24 March 1972 (USA),2h 55min,USA,English,9.2,Crime,"1,483,236",The aging patriarch of an organized crime dynasty transfers control of his clandestine empire to his reluctant son.,"Marlon Brando, Al Pacino, James Caan, Richard S. Castellano"
The Godfather: Part II,Francis Ford Coppola,20 December 1974 (USA),3h 22min,USA,English,9,Crime,"1,032,840","The early life and career of Vito Corleone in 1920s New York City is portrayed, while his son, Michael, expands and tightens his grip on the family crime syndicate.","Al Pacino, Robert Duvall, Diane Keaton, Robert De Niro"
The Dark Knight,Christopher Nolan,18 July 2008 (USA),2h 32min,USA,English,9,Action,"2,136,058","When the menace known as the Joker wreaks havoc and chaos on the people of Gotham, Batman must accept one of the greatest psychological and physical tests of his ability to fight injustice.","Christian Bale, Heath Ledger, Aaron Eckhart, Michael Caine"
12 Angry Men,Sidney Lumet,10 April 1957 (USA),1h 36min,USA,English,8.9,Drama,"618,106",A jury holdout attempts to prevent a miscarriage of justice by forcing his colleagues to reconsider the evidence.,"Martin Balsam, John Fiedler, Lee J. Cobb, E.G. Marshall"
Schindler's List,Steven Spielberg,4 February 1994 (USA),3h 15min,USA,English,8.9,Biography,"1,121,048","In German-occupied Poland during World War II, industrialist Oskar Schindler gradually becomes concerned for his Jewish workforce after witnessing their persecution by the Nazis.","Liam Neeson, Ben Kingsley, Ralph Fiennes, Caroline Goodall"
The Lord of the Rings: The Return of the King,Peter Jackson,17 December 2003 (USA),3h 21min,New Zealand,English,8.9,Adventure,"1,534,570",Gandalf and Aragorn lead the World of Men against Sauron's army to draw his gaze from Frodo and Sam as they approach Mount Doom with the One Ring.,"Noel Appleby, Ali Astin, Sean Astin, David Aston"
Pulp Fiction,Quentin Tarantino,14 October 1994 (USA),2h 34min,USA,English,8.9,Crime,"1,696,342","The lives of two mob hitmen, a boxer, a gangster and his wife, and a pair of diner bandits intertwine in four tales of violence and redemption.","Tim Roth, Amanda Plummer, Laura Lovelace, John Travolta"
"The Good, the Bad and the Ugly",Sergio Leone,29 December 1967 (USA),2h 58min,Italian,See more,8.8,Western,"641,326",A bounty hunting scam joins two men in an uneasy alliance against a third in a race to find a fortune in gold buried in a remote cemetery.,"Eli Wallach, Clint Eastwood, Lee Van Cleef, Aldo Giuffr√®"
Fight Club,David Fincher,15 October 1999 (USA),2h 19min,USA,English,8.8,Drama,"1,726,585","An insomniac office worker and a devil-may-care soapmaker form an underground fight club that evolves into something much, much more.","Edward Norton, Brad Pitt, Meat Loaf, Zach Grenier"
The Lord of the Rings: The Fellowship of the Ring,Peter Jackson,19 December 2001 (USA),2h 58min,New Zealand,English,8.8,Adventure,"1,549,833",A meek Hobbit from the Shire and eight companions set out on a journey to destroy the powerful One Ring and save Middle-earth from the Dark Lord Sauron.,"Alan Howard, Noel Appleby, Sean Astin, Sala Baker"
Forrest Gump,Robert Zemeckis,6 July 1994 (USA),2h 22min,USA,English,8.8,Drama,"1,663,864","The presidencies of Kennedy and Johnson, the events of Vietnam, Watergate, and other history unfold through the perspective of an Alabama man with an IQ of 75.","Tom Hanks, Rebecca Williams, Sally Field, Michael Conner Humphreys"
Inception,Christopher Nolan,16 July 2010 (USA),2h 28min,USA,English,8.8,Action,"1,894,237",A thief who steals corporate secrets through the use of dream-sharing technology is given the inverse task of planting an idea into the mind of a C.E.O.,"Leonardo DiCaprio, Joseph Gordon-Levitt, Ellen Page, Tom Hardy"
Star Wars: Episode V - The Empire Strikes Back,Irvin Kershner,20 June 1980 (USA),2h 4min,USA,English,8.7,Action,"1,079,509","After the Rebels are brutally overpowered by the Empire on the ice planet Hoth, Luke Skywalker begins Jedi training with Yoda, while his friends are pursued by Darth Vader.","Mark Hamill, Harrison Ford, Carrie Fisher, Billy Dee Williams"
The Lord of the Rings: The Two Towers,Peter Jackson,18 December 2002 (USA),2h 59min,New Zealand,English,8.7,Adventure,"1,388,087","While Frodo and Sam edge closer to Mordor with the help of the shifty Gollum, the divided fellowship makes a stand against Sauron's new ally, Saruman, and his hordes of Isengard.","Bruce Allpress, Sean Astin, John Bach, Sala Baker"
The Matrix,Lana Wachowski,31 March 1999 (USA),2h 16min,USA,English,8.7,Action,"1,555,467",A computer hacker learns from mysterious rebels about the true nature of his reality and his role in the war against its controllers.,"Keanu Reeves, Laurence Fishburne, Carrie-Anne Moss, Hugo Weaving"
Joker,Todd Phillips,4 October 2019 (USA),2h 2min,USA,English,8.8,Crime,"478,960","In Gotham City, mentally-troubled comedian Arthur Fleck is disregarded and mistreated by society. He then embarks on a downward spiral of revolution and bloody crime. This path brings him face-to-face with his alter-ego: ""The Joker"".","Joaquin Phoenix, Robert De Niro, Zazie Beetz "
One Flew Over the Cuckoo's Nest,Milos Forman,19 November 1975 (USA),2h 13min,English,See more,8.7,Drama,"853,323","A criminal pleads insanity and is admitted to a mental institution, where he rebels against the oppressive nurse and rallies up the scared patients.","Michael Berryman, Peter Brocco, Dean R. Brooks, Alonzo Brown"
Goodfellas,Martin Scorsese,21 September 1990 (USA),2h 26min,USA,English,8.7,Biography,"934,442","The story of Henry Hill and his life in the mob, covering his relationship with his wife Karen Hill and his mob partners Jimmy Conway and Tommy DeVito in the Italian-American crime syndicate.","Robert De Niro, Ray Liotta, Joe Pesci, Lorraine Bracco"
Seven Samurai,Akira Kurosawa,19 November 1956 (USA),3h 27min,Japanese,See more,8.6,Action,"292,435",A poor village under attack by bandits recruits seven unemployed samurai to help them defend themselves.,"Toshir√¥ Mifune, Takashi Shimura, Keiko Tsushima, Yukiko Shimazaki"
Se7en,David Fincher,22 September 1995 (USA),2h 7min,USA,English,8.6,Crime,"1,328,357","Two detectives, a rookie and a veteran, hunt a serial killer who uses the seven deadly sins as his motives.","Morgan Freeman, Andrew Kevin Walker, Kevin Spacey, Daniel Zacapa"
City of God,Fernando Meirelles,13 February 2004 (USA),2h 10min,Brazil,Portuguese,8.6,Crime,"659,650","In the slums of Rio, two kids' paths diverge as one struggles to become a photographer and the other a kingpin.","Alexandre Rodrigues, Leandro Firmino, Phellipe Haagensen, Douglas Silva"
Life Is Beautiful,Roberto Benigni,12 February 1999 (USA),1h 56min,Italy,Italian,8.6,Comedy,"571,205","When an open-minded Jewish librarian and his son become victims of the Holocaust, he uses a perfect mixture of will, humor, and imagination to protect his son from the dangers around their camp.","Roberto Benigni, Nicoletta Braschi, Giorgio Cantarini, Giustino Durano"
The Silence of the Lambs,Jonathan Demme,14 February 1991 (USA),1h 58min,USA,English,8.6,Crime,"1,170,635","A young F.B.I. cadet must receive the help of an incarcerated and manipulative cannibal killer to help catch another serial killer, a madman who skins his victims.","Jodie Foster, Lawrence A. Bonney, Kasi Lemmons, Lawrence T. Wrentz"
It's a Wonderful Life,Frank Capra,7 January 1947 (USA),2h 10min,English,See more,8.6,Drama,"366,991",An angel is sent from Heaven to help a desperately frustrated businessman by showing him what life would have been like if he had never existed.,"James Stewart, Donna Reed, Lionel Barrymore, Thomas Mitchell"
Star Wars: Episode IV - A New Hope,George Lucas,25 May 1977 (USA),2h 1min,USA,English,8.6,Action,"1,148,066","Luke Skywalker joins forces with a Jedi Knight, a cocky pilot, a Wookiee and two droids to save the galaxy from the Empire's world-destroying battle station, while also attempting to rescue Princess Leia from the mysterious Darth Vader.","Mark Hamill, Harrison Ford, Carrie Fisher, Peter Cushing"
Saving Private Ryan,Steven Spielberg,24 July 1998 (USA),2h 49min,USA,English,8.6,Drama,"1,144,559","Following the Normandy Landings, a group of U.S. soldiers go behind enemy lines to retrieve a paratrooper whose brothers have been killed in action.","Tom Hanks, Tom Sizemore, Edward Burns, Barry Pepper"
Spirited Away,Hayao Miyazaki,28 March 2003 (USA),2h 5min,Japan,Japanese,8.6,Animation,"577,500","During her family's move to the suburbs, a sullen 10-year-old girl wanders into a world ruled by gods, witches, and spirits, and where humans are changed into beasts.","Rumi Hiiragi, Miyu Irino, Mari Natsuki, Takashi Nait√¥"
The Green Mile,Frank Darabont,10 December 1999 (USA),3h 9min,USA,English,8.6,Crime,"1,051,010","The lives of guards on Death Row are affected by one of their charges: a black man accused of child murder and rape, yet who has a mysterious gift.","Tom Hanks, David Morse, Michael Clarke Duncan, Bonnie Hunt"
L√©on: The Professional,Luc Besson,18 November 1994 (USA),1h 50min,English,See more,8.5,Action,"956,037","Mathilda, a 12-year-old girl, is reluctantly taken in by L√©on, a professional assassin, after her family is murdered. An unusual relationship forms as she becomes his prot√©g√©e and learns the assassin's trade.","Jean Reno, Gary Oldman, Natalie Portman, Danny Aiello"
Interstellar,Christopher Nolan,7 November 2014 (USA),2h 49min,USA,English,8.6,Adventure,"1,349,389",A team of explorers travel through a wormhole in space in an attempt to ensure humanity's survival.,"Ellen Burstyn, Matthew McConaughey, Mackenzie Foy, John Lithgow"
Harakiri,Masaki Kobayashi,4 August 1964 (USA),2h 13min,Japanese,See more,8.7,Drama,"27,972","When a ronin requesting seppuku at a feudal lord's palace is told of the brutal suicide of another ronin who previously visited, he reveals how their pasts are intertwined - and in doing so challenges the clan's integrity.","Tatsuya Nakadai, Akira Ishihama, Shima Iwashita  |"
The Usual Suspects,Bryan Singer,15 September 1995 (USA),1h 46min,USA,English,8.5,Crime,"929,054","A sole survivor tells of the twisty events leading up to a horrific gun battle on a boat, which began when five criminals met at a seemingly random police lineup.","Stephen Baldwin, Gabriel Byrne, Benicio Del Toro, Kevin Pollak"
The Lion King,Roger Allers,24 June 1994 (USA),1h 28min,USA,English,8.5,Animation,"872,478","A Lion cub crown prince is tricked by a treacherous uncle into thinking he caused his father's death and flees into exile in despair, only to learn in adulthood his identity and his responsibilities.","Rowan Atkinson, Matthew Broderick, Niketa Calame, Jim Cummings"
American History X,Tony Kaye,20 November 1998 (USA),1h 59min,USA,English,8.5,Drama,"974,478",A former neo-nazi skinhead tries to prevent his younger brother from going down the same wrong path that he did.,"Edward Norton, Edward Furlong, Beverly D'Angelo, Jennifer Lien"
Parasite,Bong Joon Ho,8 November 2019 (USA),2h 12min,South Korea,Korean,8.6,Comedy,"77,962","All unemployed, Ki-taek and his family take peculiar interest in the wealthy and glamorous Parks, as they ingratiate themselves into their lives and get entangled in an unexpected incident.","Kang-ho Song, Sun-kyun Lee, Yeo-jeong Jo "
Back to the Future,Robert Zemeckis,3 July 1985 (USA),1h 56min,USA,English,8.5,Adventure,"966,217","Marty McFly, a 17-year-old high school student, is accidentally sent thirty years into the past in a time-traveling DeLorean invented by his close friend, the maverick scientist Doc Brown.","Michael J. Fox, Christopher Lloyd, Lea Thompson, Crispin Glover"
The Pianist,Roman Polanski,28 March 2003 (USA),2h 30min,UK,English,8.5,Biography,"665,756",A Polish Jewish musician struggles to survive the destruction of the Warsaw ghetto of World War II.,"Adrien Brody, Emilia Fox, Michal Zebrowski, Ed Stoppard"
Terminator 2: Judgment Day,James Cameron,3 July 1991 (USA),2h 17min,USA,English,8.5,Action,"935,649","A cyborg, identical to the one who failed to kill Sarah Connor, must now protect her teenage son, John Connor, from a more advanced and powerful cyborg.","Arnold Schwarzenegger, Linda Hamilton, Edward Furlong, Robert Patrick"
Modern Times,Charles Chaplin,25 February 1936 (USA),1h 27min,English,See more,8.5,Comedy,"198,161",The Tramp struggles to live in modern industrial society with the help of a young homeless woman.,"Charles Chaplin, Paulette Goddard, Henry Bergman, Tiny Sandford"
Psycho,Alfred Hitchcock,8 September 1960 (USA),1h 49min,English,See more,8.5,Horror,"555,675","A Phoenix secretary embezzles forty thousand dollars from her employer's client, goes on the run, and checks into a remote motel run by a young man under the domination of his mother.","Anthony Perkins, Vera Miles, John Gavin, Janet Leigh"
The Intouchables,Olivier Nakache,2 November 2011 (France),1h 52min,France,French,8.5,Biography,"698,893","After he becomes a quadriplegic from a paragliding accident, an aristocrat hires a young man from the projects to be his caregiver.","Fran√ßois Cluzet, Omar Sy, Anne Le Ny, Audrey Fleurot"
Gladiator,Ridley Scott,5 May 2000 (USA),2h 35min,USA,English,8.5,Action,"1,247,567",A former Roman General sets out to exact vengeance against the corrupt emperor who murdered his family and sent him into slavery.,"Russell Crowe, Joaquin Phoenix, Connie Nielsen, Oliver Reed"
City Lights,Charles Chaplin,7 March 1931 (USA),1h 27min,English,See more,8.5,Comedy,"152,850","With the aid of a wealthy erratic tippler, a dewy-eyed tramp who has fallen in love with a sightless flower girl accumulates money to be able to help her medically.","Virginia Cherrill, Florence Lee, Harry Myers, Al Ernest Garcia"
The Departed,Martin Scorsese,6 October 2006 (USA),2h 31min,USA,English,8.5,Crime,"1,104,756",An undercover cop and a mole in the police attempt to identify each other while infiltrating an Irish gang in South Boston.,"Leonardo DiCaprio, Matt Damon, Jack Nicholson, Mark Wahlberg"
Whiplash,Damien Chazelle,15 October 2014 (Philippines),1h 46min,USA,English,8.5,Drama,"642,467",A promising young drummer enrolls at a cut-throat music conservatory where his dreams of greatness are mentored by an instructor who will stop at nothing to realize a student's potential.,"Miles Teller, J.K. Simmons, Paul Reiser, Melissa Benoist"
Once Upon a Time in the West,Sergio Leone,4 July 1969 (USA),2h 45min,Italian,See more,8.5,Western,"279,463",A mysterious stranger with a harmonica joins forces with a notorious desperado to protect a beautiful widow from a ruthless assassin working for the railroad.,"Claudia Cardinale, Henry Fonda, Jason Robards, Charles Bronson"
The Prestige,Christopher Nolan,20 October 2006 (USA),2h 10min,English,See more,8.5,Drama,"1,095,976","After a tragic accident, two stage magicians engage in a battle to create the ultimate illusion while sacrificing everything they have to outwit each other.","Hugh Jackman, Christian Bale, Michael Caine, Piper Perabo"
Casablanca,Michael Curtiz,23 January 1943 (USA),1h 42min,USA,English,8.5,Drama,"488,055",A cynical American expatriate struggles to decide whether or not he should help his former lover and her fugitive husband escape French Morocco.,"Humphrey Bogart, Ingrid Bergman, Paul Henreid, Claude Rains"
Grave of the Fireflies,Isao Takahata,26 July 1989 (USA),1h 29min,Japanese,See more,8.5,Animation,"206,203",A young boy and his little sister struggle to survive in Japan during World War II.,"Tsutomu Tatsumi, Ayano Shiraishi, Yoshiko Shinohara, Akemi Yamaguchi"
Rear Window,Alfred Hitchcock,September 1954 (USA),1h 52min,English,See more,8.4,Mystery,"410,774",A wheelchair-bound photographer spies on his neighbors from his apartment window and becomes convinced one of them has committed murder.,"James Stewart, Grace Kelly, Wendell Corey, Thelma Ritter"
Cinema Paradiso,Giuseppe Tornatore,23 February 1990 (USA),2h 35min,Italy,Italian,8.5,Drama,"208,721",A filmmaker recalls his childhood when falling in love with the pictures at the cinema of his home village and forms a deep friendship with the cinema's projectionist.,"Antonella Attili, Enzo Cannavale, Isa Danieli, Leo Gullotta"
Alien,Ridley Scott,22 June 1979 (USA),1h 57min,UK,English,8.4,Horror,"734,061","After a space merchant vessel perceives an unknown transmission as a distress call, its landing on the source moon finds one of the crew attacked by a mysterious lifeform, and they soon realize that its life cycle has merely begun.","Sigourney Weaver, Carrie Henn, Michael Biehn, Paul Reiser"
Raiders of the Lost Ark,Steven Spielberg,12 June 1981 (USA),1h 55min,USA,English,8.4,Action,"831,197","In 1936, archaeologist and adventurer Indiana Jones is hired by the U.S. government to find the Ark of the Covenant before Adolf Hitler's Nazis can obtain its awesome powers.","Harrison Ford, Karen Allen, Paul Freeman, Ronald Lacey"
Memento,Christopher Nolan,25 May 2001 (USA),1h 53min,USA,English,8.4,Mystery,"1,053,443",A man with short-term memory loss attempts to track down his wife's murderer.,"Guy Pearce, Carrie-Anne Moss, Joe Pantoliano, Mark Boone Junior"
Avengers: Endgame,Anthony Russo,26 April 2019 (USA),3h 1min,USA,English,8.5,Action,"605,580","After the devastating events of Avengers: Infinity War (2018), the universe is in ruins. With the help of remaining allies, the Avengers assemble once more in order to reverse Thanos' actions and restore balance to the universe.","Robert Downey Jr., Chris Evans, Mark Ruffalo"
Apocalypse Now,Francis Ford Coppola,15 August 1979 (USA),2h 27min,USA,English,8.4,Drama,"563,651",A U.S. Army officer serving in Vietnam is tasked with assassinating a renegade Special Forces Colonel who sees himself as a god.,"Marlon Brando, Martin Sheen, Robert Duvall, Frederic Forrest"
The Great Dictator,Charles Chaplin,7 March 1941 (USA),2h 5min,English,See more,8.5,Comedy,"186,776",Dictator Adenoid Hynkel tries to expand his empire while a poor Jewish barber tries to avoid persecution from Hynkel's regime.,"Charles Chaplin, Jack Oakie, Reginald Gardiner, Henry Daniell"
The Lives of Others,Florian Henckel von Donnersmarck,30 March 2007 (USA),2h 17min,Germany,German,8.4,Drama,"332,053","In 1984 East Berlin, an agent of the secret police, conducting surveillance on a writer and his lover, finds himself becoming increasingly absorbed by their lives.","Martina Gedeck, Ulrich M√ºhe, Sebastian Koch, Ulrich Tukur"
Django Unchained,Quentin Tarantino,25 December 2012 (USA),2h 45min,USA,English,8.4,Drama,"1,250,190","With the help of a German bounty hunter, a freed slave sets out to rescue his wife from a brutal Mississippi plantation owner.","Jamie Foxx, Christoph Waltz, Leonardo DiCaprio, Kerry Washington"
Avengers: Infinity War,Anthony Russo,27 April 2018 (USA),2h 29min,USA,English,8.5,Action,"726,260",The Avengers and their allies must be willing to sacrifice all in an attempt to defeat the powerful Thanos before his blitz of devastation and ruin puts an end to the universe.,"Robert Downey Jr., Chris Hemsworth, Mark Ruffalo"
The Shining,Stanley Kubrick,13 June 1980 (USA),2h 26min,UK,English,8.4,Drama,"816,798","A family heads to an isolated hotel for the winter where a sinister presence influences the father into violence, while his psychic son sees horrific forebodings from both past and future.","Jack Nicholson, Shelley Duvall, Danny Lloyd, Scatman Crothers"
Paths of Glory,Stanley Kubrick,November 1957 (West Germany),1h 28min,English,See more,8.4,Drama,"161,960","After refusing to attack an enemy position, a general accuses the soldiers of cowardice and their commanding officer must defend them.","Kirk Douglas, Ralph Meeker, Adolphe Menjou, George Macready"
Spider-Man: Into the Spider-Verse,Bob Persichetti,14 December 2018 (USA),1h 57min,USA,English,8.4,Animation,"276,558","Teen Miles Morales becomes Spider-Man of his reality, crossing his path with five counterparts from other dimensions to stop a threat for all realities.","Shameik Moore, Jake Johnson, Hailee Steinfeld"
WALL¬∑E,Andrew Stanton,27 June 2008 (USA),1h 38min,USA,English,8.4,Animation,"931,960","In the distant future, a small waste-collecting robot inadvertently embarks on a space journey that will ultimately decide the fate of mankind.","Ben Burtt, Elissa Knight, Jeff Garlin, Fred Willard"
Sunset Blvd.,Billy Wilder,29 September 1950 (Australia),1h 50min,English,See more,8.4,Drama,"184,926",A screenwriter develops a dangerous relationship with a faded film star determined to make a triumphant return.,"William Holden, Gloria Swanson, Erich von Stroheim"
Princess Mononoke,Hayao Miyazaki,19 December 1997 (USA),2h 14min,Japan,Japanese,8.4,Animation,"304,382","On a journey to find the cure for a Tatarigami's curse, Ashitaka finds himself in the middle of a war between the forest gods and Tatara, a mining colony. In this quest he also meets San, the Mononoke Hime.","Billy Crudup, Billy Bob Thornton, Minnie Driver, John DiMaggio"
Dr. Strangelove or: How I Learned to Stop Worrying and Love the Bomb,Stanley Kubrick,29 January 1964 (USA),1h 35min,English,See more,8.4,Comedy,"424,207",An insane general triggers a path to nuclear holocaust that a War Room full of politicians and generals frantically tries to stop.,"Peter Sellers, George C. Scott, Sterling Hayden, Keenan Wynn"
Oldboy,Chan-wook Park,21 November 2003 (South Korea),2h,South Korea,Korean,8.4,Action,"472,816","After being kidnapped and imprisoned for fifteen years, Oh Dae-Su is released, only to find that he must find his captor in five days.","Min-sik Choi, Ji-tae Yu, Hye-jeong Kang, Dae-han Ji"
Witness for the Prosecution,Billy Wilder,6 February 1958 (USA),1h 56min,English,See more,8.4,Crime,"96,471",A veteran British barrister must defend his client in a murder trial that has surprise after surprise.,"Tyrone Power, Marlene Dietrich, Charles Laughton, Elsa Lanchester"
The Dark Knight Rises,Christopher Nolan,20 July 2012 (USA),2h 44min,UK,English,8.4,Action,"1,422,358","Eight years after the Joker's reign of anarchy, Batman, with the help of the enigmatic Catwoman, is forced from his exile to save Gotham City from the brutal guerrilla terrorist Bane.","Christian Bale, Gary Oldman, Tom Hardy, Joseph Gordon-Levitt"
Once Upon a Time in America,Sergio Leone,1 June 1984 (USA),3h 49min,English,See more,8.4,Crime,"286,118","A former Prohibition-era Jewish gangster returns to the Lower East Side of Manhattan over thirty years later, where he once again must confront the ghosts and regrets of his old life.","Robert De Niro, James Woods, Elizabeth McGovern, Joe Pesci"
Aliens,James Cameron,18 July 1986 (USA),2h 17min,USA,English,8.4,Action,"614,675","Ellen Ripley is rescued by a deep salvage team after being in hypersleep for 57 years. The moon that the Nostromo visited has been colonized, but contact is lost. This time, colonial marines have impressive firepower, but will that be enough?","Sigourney Weaver, Carrie Henn, Michael Biehn, Paul Reiser"
American Beauty,Sam Mendes,1 October 1999 (USA),2h 2min,USA,English,8.3,Drama,"1,009,925",A sexually frustrated suburban father has a mid-life crisis after becoming infatuated with his daughter's best friend.,"Kevin Spacey, Annette Bening, Thora Birch, Wes Bentley"
Your Name.,Makoto Shinkai,7 April 2017 (USA),1h 46min,Japan,Japanese,8.4,Animation,"148,738","Two strangers find themselves linked in a bizarre way. When a connection forms, will distance be the only thing to keep them apart?","Ryûnosuke Kamiki, Mone Kamishiraishi, Ryô Narita"
Coco,Lee Unkrich,22 November 2017 (USA),1h 45min,USA,English,8.4,Animation,"306,320","Aspiring musician Miguel, confronted with his family's ancestral ban on music, enters the Land of the Dead to find his great-great-grandfather, a legendary singer.","Anthony Gonzalez, Gael García Bernal, Benjamin Bratt"
Braveheart,Mel Gibson,24 May 1995 (USA),2h 58min,USA,English,8.3,Biography,"909,420","When his secret bride is executed for assaulting an English soldier who tried to rape her, William Wallace begins a revolt against King Edward I of England.","James Robinson, Sean Lawlor, Sandy Nelson, James Cosmo"
Das Boot,Wolfgang Petersen,10 February 1982 (USA),2h 29min,West Germany,German,8.3,Adventure,"216,090","The claustrophobic world of a WWII German U-boat; boredom, filth and sheer terror.","J√ºrgen Prochnow, Herbert Gr√∂nemeyer, Klaus Wennemann, Hubertus Bengsch"
3 Idiots,Rajkumar Hirani,25 December 2009 (India),2h 50min,Hindi,See more,8.4,Comedy,"311,198","Two friends are searching for their long lost companion. They revisit their college days and recall the memories of their friend who inspired them to think differently, even as the rest of the world called them ""idiots"".","Aamir Khan, Madhavan, Sharman Joshi, Kareena Kapoor Khan"
Star Wars: Episode VI - Return of the Jedi,Richard Marquand,25 May 1983 (USA),2h 11min,USA,English,8.3,Action,"883,414","After a daring mission to rescue Han Solo from Jabba the Hutt, the Rebels dispatch to Endor to destroy the second Death Star. Meanwhile, Luke struggles to help Darth Vader back from the dark side without falling into the Emperor's trap.","Mark Hamill, Harrison Ford, Carrie Fisher, Billy Dee Williams"
Taare Zameen Par,Aamir Khan,21 December 2007 (India),2h 45min,India,Hindi,8.4,Drama,"148,948","An eight-year-old boy is thought to be a lazy trouble-maker, until the new art teacher has the patience and compassion to discover the real problem behind his struggles in school.","Darsheel Safary, Aamir Khan, Tisca Chopra"
Toy Story,John Lasseter,22 November 1995 (USA),1h 21min,USA,English,8.3,Animation,"823,548",A cowboy doll is profoundly threatened and jealous when a new spaceman figure supplants him as top toy in a boy's room.,"Tom Hanks, Tim Allen, Joan Cusack, Ned Beatty"
Reservoir Dogs,Quentin Tarantino,2 September 1992 (France),1h 39min,USA,English,8.3,Crime,"854,184","When a simple jewelry heist goes horribly wrong, the surviving criminals begin to suspect that one of them is a police informant.","Harvey Keitel, Tim Roth, Michael Madsen, Chris Penn"
Amadeus,Milos Forman,19 September 1984 (USA),2h 40min,USA,English,8.3,Biography,"345,481","The life, success and troubles of Wolfgang Amadeus Mozart, as told by Antonio Salieri, the contemporaneous composer who was insanely jealous of Mozart's talent and claimed to have murdered him.","F. Murray Abraham, Tom Hulce, Elizabeth Berridge, Roy Dotrice"
Inglourious Basterds,Quentin Tarantino,21 August 2009 (USA),2h 33min,Germany,English,8.3,Adventure,"1,163,084","In Nazi-occupied France during World War II, a plan to assassinate Nazi leaders by a group of Jewish U.S. soldiers coincides with a theatre owner's vengeful plans for the same.","Brad Pitt, M√©lanie Laurent, Christoph Waltz, Eli Roth"
Good Will Hunting,Gus Van Sant,9 January 1998 (USA),2h 6min,USA,English,8.3,Drama,"790,687","Will Hunting, a janitor at M.I.T., has a gift for mathematics, but needs help from a psychologist to find direction in his life.","Matt Damon, Ben Affleck, Stellan Skarsg√•rd, John Mighton"
M,Fritz Lang,31 August 1931 (Sweden),1h 39min,German,See more,8.3,Crime,"132,159","When the police in a German city are unable to catch a child-murderer, other criminals join in the manhunt.","Peter Lorre, Ellen Widmann, Inge Landgut"
Dangal,Nitesh Tiwari,21 December 2016 (USA),2h 41min,India,Hindi,8.4,Action,"131,890",Former wrestler Mahavir Singh Phogat and his two wrestler daughters struggle towards glory at the Commonwealth Games in the face of societal oppression.,"Aamir Khan, Sakshi Tanwar, Fatima Sana Shaikh, Sanya Malhotra"
Requiem for a Dream,Darren Aronofsky,15 December 2000 (USA),1h 42min,English,See more,8.3,Drama,"717,123",The drug-induced utopias of four Coney Island people are shattered when their addictions run deep.,"Ellen Burstyn, Jared Leto, Jennifer Connelly, Marlon Wayans"
2001: A Space Odyssey,Stanley Kubrick,12 May 1968 (UK),2h 29min,UK,English,8.3,Adventure,"558,616","After discovering a mysterious artifact buried beneath the Lunar surface, mankind sets off on a quest to find its origins with help from intelligent supercomputer H.A.L. 9000.","Keir Dullea, Gary Lockwood, William Sylvester, Daniel Richter"
Vertigo,Alfred Hitchcock,22 May 1958 (UK),2h 8min,English,See more,8.3,Mystery,"331,116",A former police detective juggles wrestling with his personal demons and becoming obsessed with a hauntingly beautiful woman.,"James Stewart, Kim Novak, Barbara Bel Geddes, Tom Helmore"
Eternal Sunshine of the Spotless Mind,Michel Gondry,19 March 2004 (USA),1h 48min,USA,English,8.3,Drama,"844,981","When their relationship turns sour, a couple undergoes a medical procedure to have each other erased from their memories.","Jim Carrey, Kate Winslet, Gerry Robert Byrne, Elijah Wood"
Citizen Kane,Orson Welles,5 September 1941 (USA),1h 59min,USA,English,8.3,Drama,"372,177","Following the death of publishing tycoon, Charles Foster Kane, reporters scramble to uncover the meaning of his final utterance; 'Rosebud'.","Joseph Cotten, Dorothy Comingore, Agnes Moorehead, Ruth Warrick"
The Hunt,Thomas Vinterberg,10 January 2013 (Denmark),1h 55min,Denmark,Danish,8.3,Drama,"251,163","A teacher lives a lonely life, all the while struggling over his son's custody. His life slowly gets better as he finds love and receives good news from his son, but his new luck is about to be brutally shattered by an innocent little lie.","Mads Mikkelsen, Thomas Bo Larsen, Annika Wedderkopp, Lasse Fogelstr√∏m"
Full Metal Jacket,Stanley Kubrick,10 July 1987 (USA),1h 56min,English,See more,8.3,Drama,"627,211",A pragmatic U.S. Marine observes the dehumanizing effects the Vietnam War has on his fellow recruits from their brutal boot camp training to the bloody street fighting in Hue.,"Matthew Modine, Adam Baldwin, Vincent D'Onofrio, R. Lee Ermey"
North by Northwest,Alfred Hitchcock,26 September 1959 (Japan),2h 16min,English,See more,8.3,Adventure,"278,923",A New York City advertising executive goes on the run after being mistaken for a government agent by a group of foreign spies.,"Cary Grant, Eva Marie Saint, James Mason, Jessie Royce Landis"
A Clockwork Orange,Stanley Kubrick,2 February 1972 (USA),2h 16min,English,See more,8.3,Crime,"707,996","In the future, a sadistic gang leader is imprisoned and volunteers for a conduct-aversion experiment, but it doesn't go as planned.","Malcolm McDowell, Patrick Magee, Michael Bates, Warren Clarke"
Snatch,Guy Ritchie,19 January 2001 (USA),1h 42min,UK,English,8.3,Comedy,"734,941","Unscrupulous boxing promoters, violent bookmakers, a Russian gangster, incompetent amateur robbers and supposedly Jewish jewelers fight to track down a priceless stolen diamond.","Benicio Del Toro, Dennis Farina, Vinnie Jones, Brad Pitt"
The Kid,Charles Chaplin,6 February 1921 (USA),1h 8min,English,See more,8.3,Comedy,"101,743","The Tramp cares for an abandoned child, but events put that relationship in jeopardy.","Carl Miller, Edna Purviance, Jackie Coogan, Charles Chaplin"
Am√©lie,Jean-Pierre Jeunet,8 February 2002 (USA),2h 2min,France,French,8.3,Comedy,"665,920","Am√©lie is an innocent and naive girl in Paris with her own sense of justice. She decides to help those around her and, along the way, discovers love.","Audrey Tautou, Mathieu Kassovitz, Rufus, Lorella Cravotta"
Bicycle Thieves,Vittorio De Sica,13 December 1949 (USA),1h 29min,Italian,See more,8.3,Drama,"132,376","In post-war Italy, a working-class man's bicycle is stolen. He and his son set out to find it.","Lamberto Maggiorani, Enzo Staiola, Lianella Carell, Elena Altieri"
Scarface,Brian De Palma,9 December 1983 (USA),2h 50min,English,See more,8.3,Crime,"682,982","In 1980 Miami, a determined Cuban immigrant takes over a drug cartel and succumbs to greed.","Al Pacino, Steven Bauer, Michelle Pfeiffer, Mary Elizabeth Mastrantonio"
Singin' in the Rain,Stanley Donen,11 April 1952 (USA),1h 43min,English,See more,8.3,Comedy,"202,828",A silent film production company and cast make a difficult transition to sound.,"Gene Kelly, Donald O'Connor, Debbie Reynolds, Jean Hagen"
Taxi Driver,Martin Scorsese,9 February 1976 (USA),1h 54min,English,See more,8.3,Crime,"661,883","A mentally unstable veteran works as a nighttime taxi driver in New York City, where the perceived decadence and sleaze fuels his urge for violent action by attempting to liberate a presidential campaign worker and an underage prostitute.","Diahnne Abbott, Frank Adu, Victor Argo, Gino Ardito"
Lawrence of Arabia,David Lean,11 December 1962 (UK),3h 48min,UK,English,8.3,Adventure,"249,150","The story of T.E. Lawrence, the English officer who successfully united and led the diverse, often warring, Arab tribes during World War I in order to fight the Turks.","Peter O'Toole, Alec Guinness, Anthony Quinn, Jack Hawkins"
Toy Story 3,Lee Unkrich,18 June 2010 (USA),1h 43min,USA,English,8.3,Animation,"707,845","The toys are mistakenly delivered to a day-care center instead of the attic right before Andy leaves for college, and it's up to Woody to convince the other toys that they weren't abandoned and to return home.","Tom Hanks, Tim Allen, Joan Cusack, Ned Beatty"
The Sting,George Roy Hill,25 December 1973 (USA),2h 9min,English,See more,8.3,Comedy,"225,876",Two grifters team up to pull off the ultimate con.,"Paul Newman, Robert Redford, Robert Shaw, Charles Durning"
Metropolis,Fritz Lang,13 March 1927 (USA),2h 33min,Germany,German,8.3,Drama,"148,525","In a futuristic city sharply divided between the working class and the city planners, the son of the city's mastermind falls in love with a working class prophet who predicts the coming of a savior to mediate their differences.","Alfred Abel, Gustav Fr√∂hlich, Rudolf Klein-Rogge, Fritz Rasp"
For a Few Dollars More,Sergio Leone,10 May 1967 (USA),2h 12min,Italian,See more,8.3,Western,"213,312",Two bounty hunters with the same intentions team up to track down a Western outlaw.,"Clint Eastwood, Lee Van Cleef, Gian Maria Volont√®, Mario Brega"
Ikiru,Akira Kurosawa,25 March 1956 (USA),2h 23min,Japanese,See more,8.3,Drama,"60,676",A bureaucrat tries to find a meaning in his life after he discovers he has terminal cancer.,"Takashi Shimura, Shin'ichi Himori, Haruo Tanaka, Minoru Chiaki"
A Separation,Asghar Farhadi,16 March 2011 (Iran),2h 3min,Iran,Persian,8.3,Drama,"203,307",A married couple are faced with a difficult decision - to improve the life of their child by moving to another country or to stay in Iran and look after a deteriorating parent who has Alzheimer's disease.,"Peyman Moaadi, Leila Hatami, Sareh Bayat, Shahab Hosseini"
Double Indemnity,Billy Wilder,6 July 1944 (USA),1h 47min,USA,English,8.3,Crime,"132,102",An insurance representative lets himself be talked by a seductive housewife into a murder/insurance fraud scheme that arouses the suspicion of an insurance investigator.,"Fred MacMurray, Barbara Stanwyck, Edward G. Robinson, Porter Hall"
To Kill a Mockingbird,Robert Mulligan,16 March 1963 (USA),2h 9min,USA,English,8.3,Crime,"278,430","Atticus Finch, a lawyer in the Depression-era South, defends a black man against an undeserved rape charge, and his children against prejudice.","Gregory Peck, John Megna, Frank Overton, Rosemary Murphy"
Capharna√ºm,Nadine Labaki,20 September 2018 (Lebanon),2h 6min,Lebanon,Arabic,8.4,Drama,"31,832","While serving a five-year sentence for a violent crime, a 12-year-old boy sues his parents for neglect.","Zain Al Rafeea, Yordanos Shiferaw, Boluwatife Treasure Bankole"
Indiana Jones and the Last Crusade,Steven Spielberg,24 May 1989 (USA),2h 7min,USA,English,8.2,Action,"649,210","In 1938, after his father Professor Henry Jones, Sr. goes missing while pursuing the Holy Grail, Professor Henry ""Indiana"" Jones, Jr. finds himself up against Adolf Hitler's Nazis again to stop them from obtaining its powers.","Harrison Ford, Sean Connery, Denholm Elliott, Alison Doody"
The Apartment,Billy Wilder,16 September 1960 (France),2h 5min,English,See more,8.3,Comedy,"149,088","A man tries to rise in his company by letting its executives use his apartment for trysts, but complications and a romance of his own ensue.","Jack Lemmon, Shirley MacLaine, Fred MacMurray, Ray Walston"
Up,Pete Docter,29 May 2009 (USA),1h 36min,USA,English,8.2,Animation,"870,191","78-year-old Carl Fredricksen travels to Paradise Falls in his house equipped with balloons, inadvertently taking a young stowaway.","Edward Asner, Jordan Nagai, John Ratzenberger"
L.A. Confidential,Curtis Hanson,19 September 1997 (USA),2h 18min,USA,English,8.2,Crime,"503,268","As corruption grows in 1950s Los Angeles, three policemen -- one strait-laced, one brutal, and one sleazy -- investigate a series of murders with their own brand of justice.","Kevin Spacey, Russell Crowe, Guy Pearce, James Cromwell"
Incendies,Denis Villeneuve,12 January 2011 (France),2h 11min,Canada,French,8.3,Drama,"129,461",Twins journey to the Middle East to discover their family history and fulfill their mother's last wishes.,"Mustafa Kamel, Hussein Sami, R√©my Girard, M√©lissa D√©sormeaux-Poulin"
Monty Python and the Holy Grail,Terry Gilliam,25 May 1975 (UK),1h 31min,English,See more,8.2,Adventure,"472,399","King Arthur and his Knights of the Round Table embark on a surreal, low-budget search for the Holy Grail, encountering many, very silly obstacles.","Graham Chapman, John Cleese, Eric Idle, Terry Gilliam"
Heat,Michael Mann,15 December 1995 (USA),2h 50min,USA,English,8.2,Crime,"536,187",A group of professional bank robbers start to feel the heat from police when they unknowingly leave a clue at their latest heist.,"Al Pacino, Robert De Niro, Val Kilmer"
Rash√¥mon,Akira Kurosawa,26 December 1951 (USA),1h 28min,Japanese,See more,8.2,Crime,"139,682","The rape of a bride and the murder of her samurai husband are recalled from the perspectives of a bandit, the bride, the samurai's ghost and a woodcutter.","Toshirô Mifune, Machiko Kyô, Masayuki Mori"
Die Hard,John McTiernan,20 July 1988 (USA),2h 12min,USA,English,8.2,Action,"735,587",An NYPD officer tries to save his wife and several others taken hostage by German terrorists during a Christmas party at the Nakatomi Plaza in Los Angeles.,"Bruce Willis, Bonnie Bedelia, Reginald VelJohnson, Paul Gleason"
Batman Begins,Christopher Nolan,15 June 2005 (USA),2h 20min,USA,English,8.2,Action,"1,225,799","After training with his mentor, Batman begins his fight to free crime-ridden Gotham City from corruption.","Christian Bale, Michael Caine, Liam Neeson, Katie Holmes"
Yojimbo,Akira Kurosawa,13 September 1961 (USA),1h 50min,Japanese,See more,8.2,Action,"101,332",A crafty ronin comes to a town divided by two criminal gangs and decides to play them against each other to free the town.,"Toshir√¥ Mifune, Tatsuya Nakadai, Y√¥ko Tsukasa, Isuzu Yamada"
Unforgiven,Clint Eastwood,7 August 1992 (USA),2h 10min,USA,English,8.2,Drama,"349,751","Retired Old West gunslinger William Munny (Clint Eastwood) reluctantly takes on one last job, with the help of his old partner Ned Logan (Morgan Freeman) and a young man, The ""Schofield Kid"" (Jaimz Woolvett).","Clint Eastwood, Gene Hackman, Morgan Freeman, Richard Harris"
Green Book,Peter Farrelly,16 November 2018 (USA),2h 10min,USA,English,8.2,Biography,"261,325",A working-class Italian-American bouncer becomes the driver of an African-American classical pianist on a tour of venues through the 1960s American South.,"Viggo Mortensen, Mahershala Ali, Linda Cardellini"
Downfall,Oliver Hirschbiegel,8 April 2005 (USA),2h 36min,Germany,German,8.2,Biography,"312,273","Traudl Junge, the final secretary for Adolf Hitler, tells of the Nazi dictator's final days in his Berlin bunker at the end of WWII.","Bruno Ganz, Alexandra Maria Lara, Corinna Harfouch, Ulrich Matthes"
Children of Heaven,Majid Majidi,22 January 1999 (USA),1h 29min,Iran,Persian,8.3,Drama,"56,552","After a boy loses his sister's pair of shoes, he goes on a series of adventures in order to find them. When he can't, he tries a new way to ""win"" a new pair.","Mohammad Amir Naji, Amir Farrokh Hashemian, Bahare Seddiqi, Nafise Jafar-Mohammadi"
Some Like It Hot,Billy Wilder,19 March 1959 (USA),2h 1min,English,See more,8.2,Comedy,"226,701","When two male musicians witness a mob hit, they flee the state in an all-female band disguised as women, but further complications set in.","Marilyn Monroe, Tony Curtis, Jack Lemmon, George Raft"
Howl's Moving Castle,Hayao Miyazaki,17 June 2005 (USA),1h 59min,Japan,Japanese,8.2,Animation,"291,768","When an unconfident young woman is cursed with an old body by a spiteful witch, her only chance of breaking the spell lies with a self-indulgent yet insecure young wizard and his companions in his legged, walking castle.","Chieko Baish√¥, Takuya Kimura, Akihiro Miwa, Tatsuya Gash√ªin"
The Great Escape,John Sturges,4 July 1963 (USA),2h 52min,English,See more,8.2,Adventure,"209,468",Allied prisoners of war plan for several hundred of their number to escape from a German camp during World War II.,"Steve McQueen, James Garner, Richard Attenborough, James Donald"
My Neighbor Totoro,Hayao Miyazaki,13 July 1990 (USA),1h 26min,Japan,Japanese,8.2,Animation,"247,339","When two girls move to the country to be near their ailing mother, they have adventures with the wondrous forest spirits who live nearby.","Noriko Hidaka, Chika Sakamoto, Shigesato Itoi, Sumi Shimamoto"
Ran,Akira Kurosawa,1 June 1985 (Japan),2h 42min,Japanese,See more,8.2,Action,"102,297","In Medieval Japan, an elderly warlord retires, handing over his empire to his three sons. However, he vastly underestimates how the new-found power will corrupt them and cause them to turn on each other...and him.","Tatsuya Nakadai, Akira Terao, Jinpachi Nezu"
A Beautiful Mind,Ron Howard,4 January 2002 (USA),2h 15min,USA,English,8.2,Biography,"790,365","After John Nash, a brilliant but asocial mathematician, accepts secret work in cryptography, his life takes a turn for the nightmarish.","Russell Crowe, Ed Harris, Jennifer Connelly, Christopher Plummer"
All About Eve,Joseph L. Mankiewicz,27 October 1950 (USA),2h 18min,USA,English,8.2,Drama,"112,268",An ing√©nue insinuates herself into the lives of an established but aging stage actress and her circle of theater friends.,"Bette Davis, Anne Baxter, George Sanders, Celeste Holm"
Pan's Labyrinth,Guillermo del Toro,19 January 2007 (USA),1h 58min,Mexico,Spanish,8.2,Drama,"584,144","In the Falangist Spain of 1944, the bookish young stepdaughter of a sadistic army officer escapes into an eerie but captivating fantasy world.","Ivana Baquero, Sergi L√≥pez, Maribel Verd√∫, Doug Jones"
Come and See,Elem Klimov,17 October 1985 (Hungary),2h 22min,Belarusian,See more,8.3,Drama,"45,843","After finding an old rifle, a young boy joins the Soviet resistance movement against ruthless German forces and experiences the horrors of World War II.","Aleksey Kravchenko, Olga Mironova, Liubomiras Laucevicius, Vladas Bagdonas"
Casino,Martin Scorsese,22 November 1995 (USA),2h 58min,English,See more,8.2,Crime,"425,792","A tale of greed, deception, money, power, and murder occur between two best friends: a mafia enforcer and a casino executive, compete against each other over a gambling empire, and over a fast living and fast loving socialite.","Robert De Niro, Sharon Stone, Joe Pesci, James Woods"
The Secret in Their Eyes,Juan Jos√© Campanella,21 May 2010 (USA),2h 9min,Argentina,Spanish,8.2,Drama,"177,530",A retired legal counselor writes a novel hoping to find closure for one of his past unresolved homicide cases and for his unreciprocated love with his superior - both of which still haunt him decades later.,"Soledad Villamil, Ricardo Dar√≠n, Carla Quevedo, Pablo Rago"
Raging Bull,Martin Scorsese,19 December 1980 (USA),2h 9min,English,See more,8.2,Biography,"296,972","The life of boxer Jake LaMotta, whose violence and temper that led him to the top in the ring destroyed his life outside of it.","Robert De Niro, Cathy Moriarty, Joe Pesci, Frank Vincent"
"Lock, Stock and Two Smoking Barrels",Guy Ritchie,28 August 1998 (UK),1h 47min,UK,English,8.2,Comedy,"502,879","A botched card game in London triggers four friends, thugs, weed-growers, hard gangsters, loan sharks and debt collectors to collide with each other in a series of unexpected events, all for the sake of weed, cash and two antique shotguns.","Jason Flemyng, Dexter Fletcher, Nick Moran, Jason Statham"
The Wolf of Wall Street,Martin Scorsese,25 December 2013 (USA),3h,USA,English,8.2,Biography,"1,070,718","Based on the true story of Jordan Belfort, from his rise to a wealthy stock-broker living the high life to his fall involving crime, corruption and the federal government.","Leonardo DiCaprio, Jonah Hill, Margot Robbie, Matthew McConaughey"
The Treasure of the Sierra Madre,John Huston,24 January 1948 (USA),2h 6min,English,See more,8.2,Adventure,"106,160",Two Americans searching for work in Mexico convince an old prospector to help them mine for gold in the Sierra Madre Mountains.,"Humphrey Bogart, Walter Huston, Tim Holt, Bruce Bennett"
Judgment at Nuremberg,Stanley Kramer,18 December 1961 (Sweden),2h 59min,English,See more,8.2,Drama,"63,584","In 1948, an American court in occupied Germany tries four Nazis judged for war crimes.","Spencer Tracy, Burt Lancaster, Richard Widmark, Marlene Dietrich"
Babam ve Oglum,√áagan Irmak,18 November 2005 (Turkey),1h 48min,Turkey,Turkish,8.3,Drama,"70,846",The family of a left-wing journalist is torn apart after a military coup in 1980's Turkey.,"Çetin Tekindor, Fikret Kuskan, Hümeyra"
"Three Billboards Outside Ebbing, Missouri",Martin McDonagh,1 December 2017 (USA),1h 55min,UK,English,8.2,Comedy,"368,394",A mother personally challenges the local authorities to solve her daughter's murder when they fail to catch the culprit.,"Frances McDormand, Woody Harrelson, Sam Rockwell "
Chinatown,Roman Polanski,20 June 1974 (USA),2h 10min,English,See more,8.2,Drama,"272,734","A private detective hired to expose an adulterer finds himself caught up in a web of deceit, corruption, and murder.","Jack Nicholson, Faye Dunaway, John Huston, Perry Lopez"
The Gold Rush,Charles Chaplin,13 July 1925 (Brazil),1h 35min,English,See more,8.2,Adventure,"92,046",A prospector goes to the Klondike in search of gold and finds it and more.,"Charles Chaplin, Mack Swain, Tom Murray, Henry Bergman"
Dial M for Murder,Alfred Hitchcock,29 May 1954 (USA),1h 45min,English,See more,8.2,Crime,"144,416",A tennis player frames his unfaithful wife for first-degree murder after she inadvertently hinders his plan to kill her.,"Ray Milland, Grace Kelly, Robert Cummings, John Williams"
There Will Be Blood,Paul Thomas Anderson,25 January 2008 (USA),2h 38min,USA,English,8.1,Drama,"475,708","A story of family, religion, hatred, oil and madness, focusing on a turn-of-the-century prospector in the early days of the business.","Daniel Day-Lewis, Martin Stringer, Matthew Braden Stringer, Jacob Stringer"
V for Vendetta,James McTeigue,17 March 2006 (USA),2h 12min,USA,English,8.2,Action,"971,552","In a future British tyranny, a shadowy freedom fighter, known only by the alias of ""V"", plots to overthrow it with the help of a young woman.","Natalie Portman, Hugo Weaving, Stephen Rea, Stephen Fry"
Inside Out,Pete Docter,19 June 2015 (USA),1h 35min,USA,English,8.2,Animation,"556,685","After young Riley is uprooted from her Midwest life and moved to San Francisco, her emotions - Joy, Fear, Anger, Disgust and Sadness - conflict on how best to navigate a new city, house, and school.","Amy Poehler, Phyllis Smith, Richard Kind, Bill Hader"
The Seventh Seal,Ingmar Bergman,13 October 1958 (USA),1h 36min,Swedish,See more,8.2,Drama,"147,958","A man seeks answers about life, death, and the existence of God as he plays chess against the Grim Reaper during the Black Plague.","Gunnar Bj√∂rnstrand, Bengt Ekerot, Nils Poppe, Max von Sydow"
Drishyam,Jeethu Joseph,19 December 2013 (India),2h 40min,Malayalam,See more,8.6,Crime,"26,989",A man goes to extreme lengths to save his family from punishment after the family commits an accidental crime.,"Ajay Devgn, Shriya Saran, Tabu, Rajat Kapoor"
Warrior,Gavin O'Connor,9 September 2011 (USA),2h 20min,USA,English,8.2,Drama,"411,366","The youngest son of an alcoholic former boxer returns home, where he's trained by his father for competition in a mixed martial arts tournament - a path that puts the fighter on a collision course with his estranged, older brother.","Joel Edgerton, Tom Hardy, Nick Nolte, Jennifer Morrison"
No Country for Old Men,Ethan Coen,21 November 2007 (USA),2h 2min,USA,English,8.1,Crime,"786,898",Violence and mayhem ensue after a hunter stumbles upon a drug deal gone wrong and more than two million dollars in cash near the Rio Grande.,"Tommy Lee Jones, Javier Bardem, Josh Brolin, Woody Harrelson"
Trainspotting,Danny Boyle,9 August 1996 (USA),1h 33min,UK,English,8.1,Drama,"601,588","Renton, deeply immersed in the Edinburgh drug scene, tries to clean up and get out, despite the allure of the drugs and influence of friends.","Ewan McGregor, Ewen Bremner, Jonny Lee Miller, Kevin McKidd"
Room,Lenny Abrahamson,22 January 2016 (USA),1h 58min,Ireland,English,8.1,Drama,"330,157","Held captive for 7 years in an enclosed space, a woman and her young son finally gain their freedom, allowing the boy to experience the outside world for the first time.","Brie Larson, Jacob Tremblay, Sean Bridgers"
The Elephant Man,David Lynch,10 October 1980 (USA),2h 4min,English,See more,8.1,Biography,"204,759","A Victorian surgeon rescues a heavily disfigured man who is mistreated while scraping a living as a side-show freak. Behind his monstrous fa√ßade, there is revealed a person of kindness, intelligence and sophistication.","Anthony Hopkins, John Hurt, Anne Bancroft, John Gielgud"
The Sixth Sense,M. Night Shyamalan,6 August 1999 (USA),1h 47min,English,See more,8.1,Drama,"862,111",A boy who communicates with spirits seeks the help of a disheartened child psychologist.,"Bruce Willis, Haley Joel Osment, Toni Collette, Olivia Williams"
Shutter Island,Martin Scorsese,19 February 2010 (USA),2h 18min,English,See more,8.1,Mystery,"1,037,087","In 1954, a U.S. Marshal investigates the disappearance of a murderer who escaped from a hospital for the criminally insane.","Leonardo DiCaprio, Mark Ruffalo, Ben Kingsley, Max von Sydow"
The Thing,John Carpenter,25 June 1982 (USA),1h 49min,English,See more,8.1,Horror,"342,114",A research team in Antarctica is hunted by a shape-shifting alien that assumes the appearance of its victims.,"Kurt Russell, Wilford Brimley, T.K. Carter, David Clennon"
Gone with the Wind,Victor Fleming,17 January 1940 (USA),3h 58min,USA,English,8.1,Drama,"269,820",A manipulative woman and a roguish man conduct a turbulent romance during the American Civil War and Reconstruction periods.,"Thomas Mitchell, Barbara O'Neil, Vivien Leigh, Evelyn Keyes"
Andhadhun,Sriram Raghavan,5 October 2018 (USA),2h 19min,India,Hindi,8.4,Crime,"52,123","A series of mysterious events changes the life of a blind pianist, who must now report a crime that he should technically know nothing of.","Ayushmann Khurrana, Tabu, Radhika Apte"
The Bridge on the River Kwai,David Lean,14 December 1957 (USA),2h 41min,English,See more,8.1,Adventure,"190,150","British POWs build a railway bridge across the river Kwai for their Japanese captors, oblivious of the Allies' plans to destroy it.","William Holden, Alec Guinness, Jack Hawkins, Sessue Hayakawa"
Blade Runner,Ridley Scott,25 June 1982 (USA),1h 57min,USA,English,8.1,Action,"645,437","A blade runner must pursue and terminate four replicants who stole a ship in space, and have returned to Earth to find their creator.","Harrison Ford, Rutger Hauer, Sean Young, Edward James Olmos"
On the Waterfront,Elia Kazan,22 June 1954 (Japan),1h 48min,USA,English,8.1,Crime,"131,796",An ex-prize fighter turned longshoreman struggles to stand up to his corrupt union bosses.,"Marlon Brando, Karl Malden, Lee J. Cobb, Rod Steiger"
The Third Man,Carol Reed,12 October 1949 (France),1h 33min,English,See more,8.1,Film-Noir,"148,792","Pulp novelist Holly Martins travels to shadowy, postwar Vienna, only to find himself investigating the mysterious death of an old friend, Harry Lime.","Joseph Cotten, Alida Valli, Orson Welles, Trevor Howard"
Jurassic Park,Steven Spielberg,11 June 1993 (USA),2h 7min,USA,English,8.1,Action,"803,216",A pragmatic Paleontologist visiting an almost complete theme park is tasked with protecting a couple of kids after a power failure causes the park's cloned dinosaurs to run loose.,"Sam Neill, Laura Dern, Jeff Goldblum, Richard Attenborough"
Finding Nemo,Andrew Stanton,30 May 2003 (USA),1h 40min,USA,English,8.1,Animation,"890,369","After his son is captured in the Great Barrier Reef and taken to Sydney, a timid clownfish sets out on a journey to bring him home.","Albert Brooks, Ellen DeGeneres, Alexander Gould, Willem Dafoe"
Wild Strawberries,Ingmar Bergman,22 June 1959 (USA),1h 31min,Swedish,See more,8.2,Drama,"86,747","After living a life marked by coldness, an aging professor is forced to confront the emptiness of his existence.","Victor Sj√∂str√∂m, Bibi Andersson, Ingrid Thulin, Gunnar Bj√∂rnstrand"
Fargo,Joel Coen,5 April 1996 (USA),1h 38min,USA,English,8.1,Crime,"574,724",Jerry Lundegaard's inept crime falls apart due to his and his henchmen's bungling and the persistent police work of the quite pregnant Marge Gunderson.,"William H. Macy, Steve Buscemi, Peter Stormare, Kristin Rudr√ºd"
Gran Torino,Clint Eastwood,9 January 2009 (USA),1h 56min,Germany,English,8.1,Drama,"682,816","Disgruntled Korean War veteran Walt Kowalski (Clint Eastwood) sets out to reform his neighbor, Thao Lor (Bee Vang), a Hmong teenager who tried to steal Kowalski's prized possession: a 1972 Gran Torino.","Clint Eastwood, Christopher Carley, Bee Vang, Ahney Her"
The Bandit,Yavuz Turgul,29 November 1996 (Turkey),2h 8min,Turkish,See more,8.3,Crime,"57,509","Baran the Bandit, released from prison after 35 years searches for vengeance and his lover.","Sener Sen, Ugur Yücel, Sermin Hürmeriç"
Kill Bill: Vol. 1,Quentin Tarantino,10 October 2003 (USA),1h 51min,USA,English,8.1,Action,"932,895","After awakening from a four-year coma, a former assassin wreaks vengeance on the team of assassins who betrayed her.","Uma Thurman, Lucy Liu, Vivica A. Fox, Daryl Hannah"
The Deer Hunter,Michael Cimino,23 February 1979 (USA),3h 3min,English,See more,8.1,Drama,"290,791",An in-depth examination of the ways in which the U.S. Vietnam War impacts and disrupts the lives of people in a small industrial town in Pennsylvania.,"Robert De Niro, John Cazale, John Savage, Christopher Walken"
Ford v Ferrari,James Mangold,15 November 2019 (USA),2h 32min,USA,English,8.3,Action,"26,926","American car designer Carroll Shelby and driver Ken Miles battle corporate interference, the laws of physics and their own personal demons to build a revolutionary race car for Ford and challenge Ferrari at the 24 Hours of Le Mans in 1966.","Matt Damon, Christian Bale, Jon Bernthal"
Stalker,Andrei Tarkovsky,17 April 1980 (Netherlands),2h 42min,Russian,See more,8.2,Drama,"102,187",A guide leads two men through an area known as the Zone to find a room that grants wishes.,"Alisa Freyndlikh, Aleksandr Kaydanovskiy, Anatoliy Solonitsyn, Nikolay Grinko"
The Truman Show,Peter Weir,5 June 1998 (USA),1h 43min,USA,English,8.1,Comedy,"861,951",An insurance salesman discovers his whole life is actually a reality TV show.,"Jim Carrey, Laura Linney, Noah Emmerich, Natascha McElhone"
The Big Lebowski,Joel Coen,6 March 1998 (USA),1h 57min,English,See more,8.1,Comedy,"679,682","Jeff ""The Dude"" Lebowski, mistaken for a millionaire of the same name, seeks restitution for his ruined rug and enlists his bowling buddies to help get it.","Jeff Bridges, John Goodman, Julianne Moore, Steve Buscemi"
Tokyo Story,Yasujir√¥ Ozu,13 March 1972 (USA),2h 16min,Japanese,See more,8.2,Drama,"45,744",An old couple visit their children and grandchildren in the city; but the children have little time for them.,"Chish√ª Ry√ª, Chieko Higashiyama, Setsuko Hara, Haruko Sugimura"
Relatos salvajes,Dami√°n Szifron,21 August 2014 (Argentina),2h 2min,Argentina,Spanish,8.1,Comedy,"156,987",Six short stories that explore the extremities of human behavior involving people in distress.,"Darío Grandinetti, María Marull, Mónica Villa"
Mary and Max,Adam Elliot,9 April 2009 (Australia),1h 32min,Australia,English,8.1,Animation,"154,332","A tale of friendship between two unlikely pen pals: Mary, a lonely, eight-year-old girl living in the suburbs of Melbourne, and Max, a forty-four-year old, severely obese man living in New York.","Toni Collette, Philip Seymour Hoffman, Barry Humphries, Eric Bana"
In the Name of the Father,Jim Sheridan,25 February 1994 (USA),2h 13min,English,See more,8.1,Biography,"145,039",A man's coerced confession to an IRA bombing he did not commit results in the imprisonment of his father as well. An English lawyer fights to free them.,"Alison Crosbie, Daniel Day-Lewis, Philip King, Emma Thompson"
Gone Girl,David Fincher,3 October 2014 (USA),2h 29min,USA,English,8.1,Drama,"785,035","With his wife's disappearance having become the focus of an intense media circus, a man sees the spotlight turned on him when it's suspected that he may not be innocent.","Ben Affleck, Rosamund Pike, Neil Patrick Harris, Tyler Perry"
Hacksaw Ridge,Mel Gibson,4 November 2016 (USA),2h 19min,Australia,English,8.1,Biography,"384,443","World War II American Army Medic Desmond T. Doss, who served during the Battle of Okinawa, refuses to kill people, and becomes the first man in American history to receive the Medal of Honor without firing a shot.","Andrew Garfield, Richard Pyros, Jacob Warner, Milo Gibson"
The General,Clyde Bruckman,24 February 1927 (France),1h 7min,English,See more,8.1,Action,"73,810","When Union spies steal an engineer's beloved locomotive, he pursues it single-handedly and straight through enemy lines.","Buster Keaton, Marion Mack, Glen Cavender, Jim Farley"
Sherlock Jr.,Buster Keaton,11 May 1924 (USA),0h 45min,English,See more,8.2,Action,"35,189","A film projectionist longs to be a detective, and puts his meagre skills to work when he is framed by a rival for stealing his girlfriend's father's pocketwatch.","Buster Keaton, Kathryn McGuire, Joe Keaton"
How to Train Your Dragon,Dean DeBlois,26 March 2010 (USA),1h 38min,USA,English,8.1,Animation,"625,845","A hapless young Viking who aspires to hunt dragons becomes the unlikely friend of a young dragon himself, and learns there may be more to the creatures than he assumed.","Jay Baruchel, Gerard Butler, Craig Ferguson, America Ferrera"
Mr. Smith Goes to Washington,Frank Capra,19 October 1939 (USA),2h 9min,English,See more,8.1,Comedy,"100,258","A naive man is appointed to fill a vacancy in the United States Senate. His plans promptly collide with political corruption, but he doesn't back down.","Jean Arthur, James Stewart, Claude Rains, Edward Arnold"
Memories of Murder,Bong Joon Ho,2 May 2003 (South Korea),2h 12min,South Korea,Korean,8.1,Action,"108,066","In a small Korean province in 1986, three detectives struggle with the case of multiple young women being found raped and murdered by an unknown culprit.","Kang-ho Song, Sang-kyung Kim, Roe-ha Kim, Jae-ho Song"
The Grand Budapest Hotel,Wes Anderson,28 March 2014 (USA),1h 39min,Germany,English,8.1,Adventure,"650,965","The adventures of Gustave H, a legendary concierge at a famous hotel from the fictional Republic of Zubrowka between the first and second World Wars, and Zero Moustafa, the lobby boy who becomes his most trusted friend.","Ralph Fiennes, F. Murray Abraham, Mathieu Amalric, Adrien Brody"
Persona,Ingmar Bergman,16 March 1967 (USA),1h 23min,Swedish,See more,8.1,Drama,"90,454",A nurse is put in charge of a mute actress and finds that their personae are melding together.,"Bibi Andersson, Liv Ullmann, Margaretha Krook, Gunnar Bj√∂rnstrand"
Before Sunrise,Richard Linklater,27 January 1995 (USA),1h 41min,English,See more,8.1,Drama,"245,460","A young man and woman meet on a train in Europe, and wind up spending one evening together in Vienna. Unfortunately, both know that this will probably be their only night together.","Ethan Hawke, Julie Delpy, Andrea Eckert, Hanno P√∂schl"
Catch Me If You Can,Steven Spielberg,25 December 2002 (USA),2h 21min,USA,English,8.1,Biography,"745,981","A seasoned FBI agent pursues Frank Abagnale Jr. who, before his 19th birthday, successfully forged millions of dollars' worth of checks while posing as a Pan Am pilot, a doctor, and a legal prosecutor.","Leonardo DiCaprio, Tom Hanks, Christopher Walken, Martin Sheen"
Into the Wild,Sean Penn,19 October 2007 (USA),2h 28min,USA,English,8.1,Adventure,"535,518","After graduating from Emory University, top student and athlete Christopher McCandless abandons his possessions, gives his entire $24,000 savings account to charity and hitchhikes to Alaska to live in the wilderness. Along the way, Christopher encounters a series of characters that shape his life.","Emile Hirsch, Marcia Gay Harden, William Hurt, Jena Malone"
Cool Hand Luke,Stuart Rosenberg,1 November 1967 (USA),2h 7min,English,See more,8.1,Crime,"151,926","A laid back Southern man is sentenced to two years in a rural prison, but refuses to conform.","Paul Newman, George Kennedy, J.D. Cannon, Lou Antonio"
12 Years a Slave,Steve McQueen,8 November 2013 (USA),2h 14min,USA,English,8.1,Biography,"592,326","In the antebellum United States, Solomon Northup, a free black man from upstate New York, is abducted and sold into slavery.","Chiwetel Ejiofor, Dwight Henry, Dickie Gravois, Bryan Batt"
The Wages of Fear,Henri-Georges Clouzot,16 February 1955 (USA),2h 11min,French,See more,8.1,Adventure,"49,755","In a decrepit South American village, four men are hired to transport an urgent nitroglycerine shipment without the equipment that would make it safe.","Yves Montand, Charles Vanel, Folco Lulli, Peter van Eyck"
Prisoners,Denis Villeneuve,20 September 2013 (USA),2h 33min,USA,English,8.1,Crime,"543,975","When Keller Dover's daughter and her friend go missing, he takes matters into his own hands as the police pursue multiple leads and the pressure mounts.","Hugh Jackman, Jake Gyllenhaal, Viola Davis "
Network,Sidney Lumet,27 November 1976 (USA),2h 1min,English,See more,8.1,Drama,"135,063",A television network cynically exploits a deranged former anchor's ravings and revelations about the news media for its own profit.,"Faye Dunaway, William Holden, Peter Finch, Robert Duvall"
Monty Python's Life of Brian,Terry Jones,17 August 1979 (USA),1h 34min,English,See more,8.1,Comedy,"342,817","Born on the original Christmas in the stable next door to Jesus, Brian of Nazareth spends his life being mistaken for a messiah.","Graham Chapman, John Cleese, Michael Palin"
Stand by Me,Rob Reiner,26 November 1986 (USA),1h 29min,USA,English,8.1,Adventure,"341,335","After the death of one of his friends, a writer recounts a boyhood journey with his friends to find the body of a missing boy.","Wil Wheaton, River Phoenix, Corey Feldman, Jerry O'Connell"
Mad Max: Fury Road,George Miller,15 May 2015 (USA),2h,Australia,English,8.1,Action,"805,741","In a post-apocalyptic wasteland, a woman rebels against a tyrannical ruler in search for her homeland with the aid of a group of female prisoners, a psychotic worshiper, and a drifter named Max.","Tom Hardy, Charlize Theron, Nicholas Hoult, Hugh Keays-Byrne"
Platoon,Oliver Stone,6 February 1987 (USA),2h,USA,English,8.1,Drama,"358,973",A young soldier in Vietnam faces a moral crisis when confronted with the horrors of war and the duality of man.,"Tom Berenger, Keith David, Willem Dafoe, Forest Whitaker"
The Red Shoes,Michael Powell,6 September 1948 (UK),2h 15min,English,See more,8.2,Drama,"26,243",A young ballet dancer is torn between the man she loves and her pursuit to become a prima ballerina.,"Anton Walbrook, Marius Goring, Moira Shearer"
The Passion of Joan of Arc,Carl Theodor Dreyer,25 October 1928 (France),1h 54min,French,See more,8.2,Biography,"42,240","In 1431, Jeanne d'Arc is placed on trial on charges of heresy. The ecclesiastical jurists attempt to force Jeanne to recant her claims of holy visions.","Maria Falconetti, Eugene Silvain, Andr√© Berley, Maurice Schutz"
Million Dollar Baby,Clint Eastwood,28 January 2005 (USA),2h 12min,USA,English,8.1,Drama,"598,110",A determined woman works with a hardened boxing trainer to become a professional.,"Clint Eastwood, Hilary Swank, Morgan Freeman, Jay Baruchel"
Rang De Basanti,Rakeysh Omprakash Mehra,26 January 2006 (USA),2h 47min,Hindi,See more,8.2,Comedy,"103,236","The story of six young Indians who assist an English woman to film a documentary on the freedom fighters from their past, and the events that lead them to relive the long-forgotten saga of freedom.","Aamir Khan, Siddharth, Sharman Joshi, Kunal Kapoor"
Rush,Ron Howard,27 September 2013 (USA),2h 3min,UK,English,8.1,Biography,"402,845",The merciless 1970s rivalry between Formula One rivals James Hunt and Niki Lauda.,"Chris Hemsworth, Daniel Br√ºhl, Olivia Wilde, Alexandra Maria Lara"
Hachi: A Dog's Tale,Lasse Hallstr√∂m,12 March 2010 (UK),1h 33min,UK,English,8.1,Drama,"230,724",A college professor bonds with an abandoned dog he takes into his home.,"Richard Gere, Joan Allen, Cary-Hiroyuki Tagawa, Sarah Roemer"
Barry Lyndon,Stanley Kubrick,18 December 1975 (USA),3h 5min,English,See more,8.1,Adventure,"136,503",An Irish rogue wins the heart of a rich widow and assumes her dead husband's aristocratic position in 18th-century England.,"Ryan O'Neal, Marisa Berenson, Patrick Magee, Hardy Kr√ºger"
Logan,James Mangold,3 March 2017 (USA),2h 17min,USA,English,8.1,Action,"586,695","In a future where mutants are nearly extinct, an elderly and weary Logan leads a quiet life. But when Laura, a mutant child pursued by scientists, comes to him for help, he must get her to safety.","Hugh Jackman, Patrick Stewart, Dafne Keen"
Andrei Rublev,Andrei Tarkovsky,October 1973 (USA),3h 25min,Russian,See more,8.2,Biography,"40,792","The life, times and afflictions of the fifteenth-century Russian iconographer St. Andrei Rublev.","Anatoliy Solonitsyn, Ivan Lapikov, Nikolay Grinko, Nikolay Sergeev"
Ben-Hur,William Wyler,29 January 1960 (Brazil),3h 32min,English,See more,8.1,Adventure,"205,726","When a Jewish prince is betrayed and sent into slavery by a Roman friend, he regains his freedom and comes back for revenge.","Charlton Heston, Jack Hawkins, Haya Harareet, Stephen Boyd"
Nausica√§ of the Valley of the Wind,Hayao Miyazaki,25 November 1987 (USA),1h 57min,Japan,Japanese,8.1,Animation,"131,981",Warrior and pacifist Princess Nausica√§ desperately struggles to prevent two warring nations from destroying themselves and their dying planet.,"Sumi Shimamoto, Mahito Tsujimura, Hisako Ky√¥da, Gor√¥ Naya"
The 400 Blows,Fran√ßois Truffaut,16 November 1959 (USA),1h 39min,French,See more,8.1,Crime,"95,003","A young boy, left without attention, delves into a life of petty crime.","Jean-Pierre L√©aud, Claire Maurier, Albert R√©my, Guy Decomble"
Hotel Rwanda,Terry George,4 February 2005 (USA),2h 1min,UK,English,8.1,Biography,"318,763",Paul Rusesabagina was a hotel manager who housed over a thousand Tutsi refugees during their struggle against the Hutu militia in Rwanda.,"Don Cheadle, Xolani Mali, Desmond Dube, Hakeem Kae-Kazim"
Amores Perros,Alejandro G. I√±√°rritu,13 April 2001 (USA),2h 34min,Mexico,Spanish,8.1,Drama,"210,719","A horrific car accident connects three stories, each involving characters dealing with loss, regret, and life's harsh realities, all in the name of love.","Emilio Echevarr√≠a, Gael Garc√≠a Bernal, Goya Toledo, √Ålvaro Guerrero"
Harry Potter and the Deathly Hallows: Part 2,David Yates,15 July 2011 (USA),2h 10min,USA,English,8.1,Adventure,"708,787","Harry (Daniel Radcliffe), Ron (Rupert Grint), and Hermione (Emma Watson) search for Voldemort's (Ralph Fiennes') remaining Horcruxes in their effort to destroy the Dark Lord as the final battle rages on at Hogwarts.","Ralph Fiennes, Michael Gambon, Alan Rickman, Daniel Radcliffe"
Spotlight,Tom McCarthy,20 November 2015 (USA),2h 9min,USA,English,8.1,Biography,"378,594","The true story of how the Boston Globe uncovered the massive scandal of child molestation and cover-up within the local Catholic Archdiocese, shaking the entire Catholic Church to its core.","Mark Ruffalo, Michael Keaton, Rachel McAdams"
Dead Poets Society,Peter Weir,9 June 1989 (USA),2h 8min,English,See more,8.1,Comedy,"383,589",English teacher John Keating inspires his students to look at poetry with a different perspective of authentic knowledge and feelings.,"Robin Williams, Robert Sean Leonard, Ethan Hawke"
Ace in the Hole,Billy Wilder,4 July 1951 (USA),1h 51min,English,See more,8.2,Drama,"26,059","A frustrated former big-city journalist now stuck working for an Albuquerque newspaper exploits a story about a man trapped in a cave to rekindle his career, but the situation quickly escalates into an out-of-control circus.","Kirk Douglas, Jan Sterling, Robert Arthur "
White Heat,Raoul Walsh,3 September 1949 (USA),1h 54min,English,See more,8.2,Action,"25,939",A psychopathic criminal with a mother complex makes a daring break from prison and leads his old gang in a chemical plant payroll heist.,"James Cagney, Virginia Mayo, Edmond O'Brien"
Rebecca,Alfred Hitchcock,12 April 1940 (USA),2h 10min,English,See more,8.1,Drama,"113,498",A self-conscious woman juggles adjusting to her new role as an aristocrat's wife and avoiding being intimidated by his first wife's spectral presence.,"Laurence Olivier, Joan Fontaine, George Sanders"
Rocky,John G. Avildsen,3 December 1976 (USA),2h,USA,English,8.1,Drama,"484,713",A small-time boxer gets a supremely rare chance to fight a heavy-weight champion in a bout in which he strives to go the distance for his self-respect.,"Sylvester Stallone, Talia Shire, Burt Young, Carl Weathers"
"Monsters, Inc.",Pete Docter,2 November 2001 (USA),1h 32min,USA,English,8,Animation,"760,776","In order to power the city, monsters have to scare children so that they scream. However, the children are toxic to the monsters, and after a child gets through, 2 monsters realize things may not be what they think.","John Goodman, Billy Crystal, Mary Gibbs, Steve Buscemi"
It Happened One Night,Frank Capra,22 February 1934 (USA),1h 45min,English,See more,8.1,Comedy,"86,801",A spoiled heiress running away from her family is helped by a man who is actually a reporter in need of a story.,"Clark Gable, Claudette Colbert, Walter Connolly, Roscoe Karns"
The Handmaiden,Chan-wook Park,1 June 2016 (South Korea),2h 25min,South Korea,Korean,8.1,Drama,"86,747","A woman is hired as a handmaiden to a Japanese heiress, but secretly she is involved in a plot to defraud her.","Min-hee Kim, Jung-woo Ha, Jin-woong Cho"
La Haine,Mathieu Kassovitz,23 February 1996 (USA),1h 38min,France,French,8.1,Crime,"135,363",24 hours in the lives of three young men in the French suburbs the day after a violent riot.,"Vincent Cassel, Hubert Kound√©, Sa√Ød Taghmaoui, Abdel Ahmed Ghili"
Gangs of Wasseypur,Anurag Kashyap,2 August 2012 (Singapore),5h 21min,India,Hindi,8.2,Action,"71,829","A clash between Sultan and Shahid Khan leads to the expulsion of Khan from Wasseypur, and ignites a deadly blood feud spanning three generations.","Manoj Bajpayee, Richa Chadha, Nawazuddin Siddiqui, Tigmanshu Dhulia"
Lagaan: Once Upon a Time in India,Ashutosh Gowariker,15 June 2001 (USA),3h 44min,India,Hindi,8.1,Adventure,"95,869",The people of a small village in Victorian India stake their future on a game of cricket against their ruthless British rulers.,"Cary Elwes, Mandy Patinkin, Robin Wright"
The Princess Bride,Rob Reiner,9 October 1987 (USA),1h 38min,USA,English,8.1,Adventure,"368,612","While home sick in bed, a young boy's grandfather reads him the story of a farmboy-turned-pirate who encounters numerous obstacles, enemies and allies in his quest to be reunited with his true love.","Cary Elwes, Mandy Patinkin, Chris Sarandon, Christopher Guest"
PK,Rajkumar Hirani,19 December 2014 (India),2h 33min,India,Hindi,8.1,Comedy,"144,029",An alien on Earth loses the only device he can use to communicate with his spaceship. His innocent nature and child-like questions force the country to evaluate the impact of religion on its people.,"Aamir Khan, Anushka Sharma, Sanjay Dutt, Boman Irani"
Butch Cassidy and the Sundance Kid,George Roy Hill,24 September 1969 (USA),1h 50min,USA,English,8,Biography,"191,378","Wyoming, early 1900s. Butch Cassidy and The Sundance Kid are the leaders of a band of outlaws. After a train robbery goes wrong they find themselves on the run with a posse hard on their heels. Their solution - escape to Bolivia.","Paul Newman, Robert Redford, Katharine Ross, Strother Martin"
Before Sunset,Richard Linklater,30 July 2004 (USA),1h 20min,USA,English,8,Drama,"214,604","Nine years after Jesse and Celine first met, they encounter each other again on the French leg of Jesse's book tour.","Ethan Hawke, Julie Delpy, Vernon Dobtcheff"
The Help,Tate Taylor,10 August 2011 (USA),2h 26min,USA,English,8.1,Drama,"400,758","An aspiring author during the civil rights movement of the 1960s decides to write a book detailing the African American maids' point of view on the white families for which they work, and the hardships they go through on a daily basis.","Emma Stone, Viola Davis, Bryce Dallas Howard, Octavia Spencer"
Munna Bhai M.B.B.S.,Rajkumar Hirani,19 December 2003 (India),2h 36min,Hindi,See more,8.1,Comedy,"67,338",A gangster sets out to fulfill his father's dream of becoming a doctor.,"Sunil Dutt, Sanjay Dutt, Arshad Warsi, Gracy Singh"
The Terminator,James Cameron,26 October 1984 (USA),1h 47min,UK,English,8,Action,"752,397","In 1984, a human soldier is tasked to stop an indestructible cyborg killing machine, both sent from 2029, from executing a young woman, whose unborn son is the key to humanity's future salvation.","Arnold Schwarzenegger, Michael Biehn, Linda Hamilton, Paul Winfield"
Akira,Katsuhiro √îtomo,16 July 1988 (Japan),2h 4min,Japan,Japanese,8.1,Animation,"146,788",A secret military project endangers Neo-Tokyo when it turns a biker gang member into a rampaging psychic psychopath who can only be stopped by two teenagers and a group of psychics.,"Mitsuo Iwata, Nozomu Sasaki, Mami Koyama"
In the Mood for Love,Kar-Wai Wong,9 March 2001 (USA),1h 38min,Hong Kong,Cantonese,8.1,Drama,"109,860","Two neighbors, a woman and a man, form a strong bond after both suspect extramarital activities of their spouses. However, they agree to keep their bond platonic so as not to commit similar wrongs.","Maggie Cheung, Tony Chiu-Wai Leung, Ping Lam Siu, Tung Cho 'Joe' Cheung"
"Paris, Texas",Wim Wenders,19 September 1984 (France),2h 25min,English,See more,8.1,Drama,"77,993","Travis Henderson, an aimless drifter who has been missing for four years, wanders out of the desert and must reconnect with society, himself, his life, and his family.","Harry Dean Stanton, Sam Berry, Bernhard Wicki, Dean Stockwell"
Aladdin,Ron Clements,25 November 1992 (USA),1h 30min,USA,English,8,Animation,"338,353",A kindhearted street urchin and a power-hungry Grand Vizier vie for a magic lamp that has the power to make their deepest wishes come true.,"Scott Weinger, Robin Williams, Linda Larkin"
Swades,Ashutosh Gowariker,17 December 2004 (India),3h 9min,India,Hindi,8.2,Drama,"76,923",A successful Indian scientist returns to an Indian village to take his nanny to America with him and in the process rediscovers his roots.,"Shah Rukh Khan, Gayatri Joshi, Kishori Ballal"
Guardians of the Galaxy,James Gunn,1 August 2014 (USA),2h 1min,USA,English,8,Action,"981,488",A group of intergalactic criminals must pull together to stop a fanatical warrior with plans to purge the universe.,"Chris Pratt, Vin Diesel, Bradley Cooper"
Infernal Affairs,Andrew Lau,12 December 2002 (Hong Kong),1h 41min,Hong Kong,Cantonese,8.1,Crime,"113,159","A story between a mole in the police department and an undercover cop. Their objectives are the same: to find out who is the mole, and who is the cop.","Andy Lau, Tony Chiu-Wai Leung, Anthony Chau-Sang Wong, Eric Tsang"
The Battle of Algiers,Gillo Pontecorvo,20 September 1967 (USA),2h 1min,French,See more,8.1,Drama,"48,424","In the 1950s, fear and violence escalate as the people of Algiers fight for independence from the French government.","Jean Martin, Yacef Saadi, Brahim Hadjadj, Samia Kerbash"
La leggenda del pianista sull'oceano,Giuseppe Tornatore,28 October 1998 (Italy),2h 49min,English,See more,8.1,Drama,"54,262","A baby boy, discovered in 1900 on an ocean liner, grows into a musical prodigy, never setting foot on land.","Tim Roth, Pruitt Taylor Vince, Mélanie Thierry"
Castle in the Sky,Hayao Miyazaki,19 July 1991 (USA),2h 5min,Japan,Japanese,8,Animation,"131,725",A young boy and a girl with a magic crystal must race against pirates and foreign agents in a search for a legendary floating castle.,"Anna Paquin, James Van Der Beek, Cloris Leachman"